person_id,first_name,last_name,canonical_full_name,titles_roles,evidence_count,confidence
P00067,Андрей,,Андрей,"[{'title': 'князь', 'count': 254}]",1180,1.0
P01200,Пьер,,Пьер,"[{'title': 'мсье', 'count': 3}]",1157,1.0
P00969,Наташа,,Наташа,[],687,1.0
P01001,Николай,,Николай,[],425,1.0
P00852,Марья,,Марья,"[{'title': 'княжна', 'count': 108}]",314,1.0
P00205,Борис,,Борис,[],301,1.0
P00739,Кутузов,,Кутузов,"[{'title': 'адъютант', 'count': 1}]",296,1.0
P00951,Наполеон,,Наполеон,"[{'title': 'император', 'count': 4}]",291,1.0
P01330,Соня,,Соня,[],233,1.0
P00245,Василий,,Василий,"[{'title': 'князь', 'count': 40}]",214,1.0
P00445,Денисов,,Денисов,[],210,1.0
P00466,Долох,,Долохов,[],164,1.0
P00061,Анатоль,,Анатоль,[],162,1.0
P00093,Анна,Павлович,Анна Павловна,[],159,1.0
P01239,Ростов,,Ростов,"[{'title': 'граф', 'count': 3}]",145,1.0
P00129,Багратион,,Багратион,"[{'title': 'князь', 'count': 6}]",139,1.0
P00191,Болконский,,Болконский,[],136,1.0
P00090,Анна,Михаилович,Анна Михайловна,"[{'title': 'княгиня', 'count': 1}]",128,1.0
P00161,Берг,,Берг,[],104,1.0
P01579,Элен,,Элен,"[{'title': 'княжна', 'count': 2}]",103,1.0
P00198,Бонапарт,,Бонапарт,"[{'title': 'адъютант', 'count': 1}]",103,1.0
P00238,Бурьен,,Бурьен,[],98,1.0
P01242,Ростовый,,Ростовых,[],98,1.0
P01111,Петя,,Петя,[],96,1.0
P00179,Бог,,Бог,[],94,1.0
P00031,Александр,,Александра,"[{'title': 'император', 'count': 4}]",88,1.0
P01340,Сперанский,,Сперанский,[],84,1.0
P00469,Долохов,,Долохова,[],80,1.0
P00135,Балашов,,Балашов,[],78,1.0
P00045,Алпатыч,,Алпатыч,[],78,1.0
P00149,Безухов,,Безухова,[],71,1.0
P00989,Несвицкий,,Несвицкий,"[{'title': 'князь', 'count': 1}]",69,1.0
P00277,Вера,,Вера,[],61,1.0
P01406,Тихон,,Тихон,[],58,1.0
P00619,Ипполит,,Ипполит,"[{'title': 'князь', 'count': 8}]",58,1.0
P01430,Тушин,,Тушин,[],47,0.9695359714832658
P00680,Княжна,,Княжна,[],46,0.9591663046625439
P00511,Ежели,,Ежели,[],44,0.938083151964686
P00554,Жюли,,Жюли,[],41,0.9055385138137416
P00234,Буонапарта,,Буонапарте,[],40,0.8944271909999159
P00846,Марь,,Марью,[],39,0.8831760866327847
P00608,Илья,Андреевич,Илья Андреевич,"[{'title': 'граф', 'count': 11}]",38,1.0
P00482,Дрон,,Дрон,[],37,0.8602325267042626
P00166,Билибина,,Билибин,[],36,0.848528137423857
P00464,Долгорукий,,Долгорукий,"[{'title': 'князь', 'count': 1}]",35,0.8366600265340756
P00395,Государь,,Государь,[],35,0.8366600265340756
P01197,Пфуля,,Пфуль,[],34,0.8246211251235321
P01003,Николай,Андреевич,Николай Андреевич,"[{'title': 'князь', 'count': 1}]",34,0.9746211251235322
P00858,Марья,Дмитриевич,Марья Дмитриевна,[],34,0.9746211251235322
P01245,Ростопчина,,Ростопчин,"[{'title': 'граф', 'count': 1}]",33,0.812403840463596
P00897,Митенька,,Митенька,[],33,0.812403840463596
P00431,Данил,,Данила,[],33,0.812403840463596
P00402,Графиня,,Графиня,[],33,0.812403840463596
P00605,Ильин,,Ильин,[],32,0.8
P00939,Мюрата,,Мюрат,[],32,0.8
P00542,Жерковы,,Жерков,[],31,0.7874007874011811
P01403,Тимохин,,Тимохин,[],30,0.7745966692414834
P00105,Аракчеев,,Аракчеев,[],30,0.7745966692414834
P00160,Бенигсный,,Бенигсен,[],29,0.7615773105863908
P00763,Лиза,,Лиза,[],29,0.7615773105863908
P01398,Телянина,,Телянин,[],29,0.7615773105863908
P00426,Дава,,Даву,[],29,0.7615773105863908
P00397,Граф,,Граф,[],27,0.7348469228349535
P01554,Шиншина,,Шиншин,[],25,0.7071067811865476
P00044,Алпатыкать,,Алпатыча,[],25,0.7071067811865476
P00684,Князь,Андрей,Князю Андрею,[],25,0.8571067811865476
P01008,Николай,Ростов,Николай Ростов,[],25,0.8571067811865476
P00683,Князь,,Князь,[],25,0.7071067811865476
P00679,Княгиня,,Княгиня,[],24,0.6928203230275509
P00689,Козловский,,Козловский,[],23,0.6782329983125268
P01431,Тушино,,Тушина,[],23,0.6782329983125268
P00812,Мадемуазель,Бурьен,Мадемуазель Бурьен,[],23,0.8282329983125268
P00730,Курагина,,Курагина,"[{'title': 'княгиня', 'count': 1}]",23,0.6782329983125268
P01150,Пончинить,,Пончини,[],22,0.6633249580710799
P01375,Суворов,,Суворова,[],21,0.648074069840786
P01488,Франц,,Франц,"[{'title': 'император', 'count': 2}]",21,0.648074069840786
P01610,Яков,Алпатыч,Яков Алпатыч,[],21,0.798074069840786
P01347,Старик,,Старик,[],21,0.648074069840786
P00168,Билибино,,Билибина,[],20,0.6324555320336759
P00774,Лицо,,Лицо,[],19,0.6164414002968976
P00139,Барклай,,Барклай,[],19,0.6164414002968976
P00690,Коко,,Коко,[],19,0.6164414002968976
P00857,Марья,Генрихович,Марья Генриховна,[],19,0.7664414002968977
P00087,Анисья,Фёдорович,Анисья Федоровна,[],18,0.75
P00744,Лаврушка,,Лаврушка,[],18,0.6
P00794,Лошадь,,Лошади,[],17,0.5830951894845301
P00490,Дуняша,,Дуняша,[],17,0.5830951894845301
P00334,Вы,,Вас,[],17,0.5830951894845301
P00708,Кочубей,,Кочубей,[],17,0.5830951894845301
P00550,Жорж,,Жорж,[],17,0.5830951894845301
P00062,Анатоль,Курагина,Анатоль Курагин,[],17,0.7330951894845301
P00541,Жеркова,,Жеркова,[],17,0.5830951894845301
P00645,Карать,,Карай,[],16,0.565685424949238
P00098,Анне,Павлович,Анне Павловне,[],16,0.715685424949238
P01057,Он,,Ему,[],16,0.565685424949238
P00506,Дядюшка,,Дядюшка,[],16,0.565685424949238
P01286,Семён,,Семен,[],15,0.5477225575051661
P00603,Илагин,,Илагин,[],15,0.5477225575051661
P00145,Батюшка,,Батюшка,[],14,0.5291502622129182
P00291,Виконт,,Виконт,[],14,0.5291502622129182
P00157,Бенигсена,,Бенигсена,[],14,0.5291502622129182
P00313,Волконский,,Волконский,"[{'title': 'князь', 'count': 1}]",14,0.5291502622129182
P00453,Диммлера,,Диммлер,[],14,0.5291502622129182
P00961,Натали,,Натали,[],14,0.5291502622129182
P00270,Вейротёр,,Вейротера,[],14,0.5291502622129182
P01221,Раевский,,Раевского,[],14,0.5291502622129182
P00736,Кутайсова,,Кутайсов,[],14,0.5291502622129182
P00889,Метивье,,Метивье,[],14,0.5291502622129182
P00901,Михаил,Иванович,Михаил Иванович,[],13,0.6599019513592785
P01324,Солдат,,Солдат,[],13,0.5099019513592785
P00463,Доктор,,Доктор,[],13,0.5099019513592785
P00486,Друбецкий,,Друбецкой,"[{'title': 'княгиня', 'count': 1}]",12,0.4898979485566356
P00485,Дронушко,,Дронушка,[],12,0.4898979485566356
P01564,Штейн,,Штейн,[],12,0.4898979485566356
P01102,Перонский,,Перонская,[],12,0.4898979485566356
P00359,Глаз,,Глаза,[],12,0.4898979485566356
P00892,Милорадович,,Милорадовича,[],12,0.4898979485566356
P00164,Бертие,,Бертье,[],12,0.4898979485566356
P00109,Армфельд,,Армфельд,[],12,0.4898979485566356
P00269,Вейротереть,,Вейротер,[],12,0.4898979485566356
P01091,Паулучить,,Паулучи,[],12,0.4898979485566356
P00346,Генерал,,Генерал,[],11,0.469041575982343
P00751,Ланжерон,,Ланжерон,[],11,0.469041575982343
P00810,Магницкий,,Магницкий,[],11,0.469041575982343
P00422,Гусар,,Гусары,[],11,0.469041575982343
P00828,Мама,,Мама,[],11,0.469041575982343
P01334,Софи,,Софи,[],11,0.469041575982343
P01045,Один,,Один,[],11,0.469041575982343
P01478,Ферапонтовый,,Ферапонтова,[],11,0.469041575982343
P00470,Долоховый,,Долоховым,[],11,0.469041575982343
P00819,Макка,,Макка,[],10,0.4472135954999579
P01075,Офицер,,Офицер,[],10,0.4472135954999579
P00878,Маша,,Маша,[],10,0.4472135954999579
P01504,Христос,,Христос,[],10,0.4472135954999579
P00793,Лоррен,,Лоррен,[],10,0.4472135954999579
P01476,Ферапонт,,Ферапонтов,[],10,0.4472135954999579
P01034,Нынче,,Нынче,[],10,0.4472135954999579
P00236,Бурбон,,Бурбонов,[],10,0.4472135954999579
P00083,Анета,,Анет,[],10,0.4472135954999579
P00181,Богданыч,,Богданыч,[],9,0.4242640687119285
P01353,Старичок,,Старичок,[],9,0.4242640687119285
P01559,Шмидт,,Шмидт,[],9,0.4242640687119285
P00255,Васька,Денисов,Васька Денисов,[],9,0.5742640687119285
P00411,Грачик,,Грачик,[],9,0.4242640687119285
P01185,Прощать,,Прощайте,[],9,0.4242640687119285
P00692,Коли,,Коли,[],9,0.4242640687119285
P00140,Барклай,Толль,Барклая де Толли,[],9,0.5742640687119285
P00387,Господин,,Господа,[],9,0.4242640687119285
P01432,Ты,,Тебе,[],9,0.4242640687119285
P01140,Пойти,,Пойдемте,[],9,0.4242640687119285
P00317,Вольцоген,,Вольцоген,[],8,0.4
P01414,Толь,,Толь,[],8,0.4
P01472,Федя,,Федя,[],8,0.4
P00840,Мария,Фёдорович,Марии Федоровны,[],8,0.55
P00523,Ерза,,Ерза,[],8,0.4
P00173,Благовещенский,,Благовещенского,[],8,0.4
P00818,Макк,,Макк,[],8,0.4
P00266,Веаussеt,,Веаussеt,[],8,0.4
P00174,Благодетель,,Благодетелем,[],8,0.4
P00004,Lаbоrd,,Lаbоrdе,[],8,0.4
P00103,Апраксин,,Апраксина,"[{'title': 'княгиня', 'count': 1}]",8,0.4
P00959,Настасья,Иванович,Настасья Иваныч,[],8,0.55
P01253,Ругать,,Ругай,[],8,0.4
P00747,Лазарев,,Лазарев,[],8,0.4
P01207,Пётр,,Петр,[],8,0.4
P00664,Катишь,,Катишь,[],8,0.4
P01015,Николушко,,Николушка,[],8,0.4
P01527,Чернышёв,,Чернышев,[],8,0.4
P00691,Коленкура,,Коленкур,[],8,0.4
P00742,Кучер,,Кучер,[],8,0.4
P00598,Идти,,Иди,[],8,0.4
P00571,Захар,,Захар,[],8,0.4
P00838,Мария,,Мария,[],7,0.37416573867739417
P01370,Ступать,,Ступай,[],7,0.37416573867739417
P00992,Несвицкома,,Несвицкому,[],7,0.37416573867739417
P01224,Разумовский,,Разумовских,[],7,0.37416573867739417
P00855,Марья,Богданович,Марья Богдановна,[],7,0.5241657386773941
P00891,Милка,,Милка,[],7,0.37416573867739417
P01004,Николай,Болконский,Николая Андреевича Болконского,[],7,0.5241657386773941
P01165,Пржебышевский,,Пржебышевского,[],7,0.37416573867739417
P01256,Румянцев,,Румянцева,[],7,0.37416573867739417
P00118,Аустерлица,,Аустерлица,[],7,0.37416573867739417
P01479,Фердинанд,,Фердинанда,[],7,0.37416573867739417
P00617,Иосиф,Алексеевич,Иосиф Алексеевич,[],7,0.5241657386773941
P00305,Вишь,,Вишь,[],7,0.37416573867739417
P00022,Адъютант,,Адъютант,[],7,0.37416573867739417
P00623,Ишь,,Ишь,[],6,0.34641016151377546
P00808,Мавр,Кондратиевич,Мавра Кондратьевна,[],6,0.4964101615137755
P00476,Дохтуров,,Дохтурова,[],6,0.34641016151377546
P00094,Анна,Шерер,Анна Павловна Шерер,[],6,0.4964101615137755
P00613,Император,,Император,[],6,0.34641016151377546
P00357,герцог,Энгиенский,герцога Энгиенского,[],6,0.4964101615137755
P00893,Милый,,Милый,[],6,0.34641016151377546
P01336,Софья,Александрович,Софья Александровна,[],6,0.4964101615137755
P00898,Митька,,Митька,[],6,0.34641016151377546
P00633,Каменский,,Каменский,[],6,0.34641016151377546
P01059,Она,бог,Ей-богу,[],6,0.4964101615137755
P01453,Ура,,Ура,[],6,0.34641016151377546
P00434,Дать,,Дай,[],6,0.34641016151377546
P01108,Петруша,,Петруша,[],6,0.34641016151377546
P01427,Тут,,Тут,[],6,0.34641016151377546
P01073,Оттого,,Оттого,[],6,0.34641016151377546
P00670,Кирилл,Владимирович,Кирилл Владимирович,"[{'title': 'граф', 'count': 1}]",6,0.4964101615137755
P00301,Винцингерод,,Винцингероде,[],6,0.34641016151377546
P00398,граф,Безухов,графа Безухова,[],6,0.4964101615137755
P01429,Тучков,,Тучкова,[],6,0.34641016151377546
P00393,Гостья,,Гостья,[],6,0.34641016151377546
P00842,Марков,,Маркова,"[{'title': 'граф', 'count': 1}]",6,0.34641016151377546
P00070,Андрей,Болконский,Андрей Болконский,[],6,0.4964101615137755
P01230,Репнина,,Репнина,"[{'title': 'князь', 'count': 1}]",6,0.34641016151377546
P00517,Екатерина,,Екатерины,[],6,0.34641016151377546
P00186,Божий,,Божией,[],6,0.34641016151377546
P01407,Тихон,Шестипалый,Тихон Шестипалый,[],6,0.4964101615137755
P00003,Fаbviеr,,Fаbviеr,[],6,0.34641016151377546
P00798,Любим,,Любим,[],6,0.34641016151377546
P00752,Ланна,,Ланн,[],6,0.34641016151377546
P01292,Сергей,Кузьмич,Сергее Кузьмиче,[],6,0.4964101615137755
P00540,Жерков,,Жерковым,[],6,0.34641016151377546
P01149,Помнить,,Помни,[],5,0.31622776601683794
P00629,Казак,,Казак,[],5,0.31622776601683794
P00274,Великий,Мастер,Великий Мастер,[],5,0.4662277660168379
P00148,Бедуин,,Бедуина,[],5,0.31622776601683794
P00861,Марья,Долохов,Марья Ивановна Долохова,[],5,0.4662277660168379
P01025,Новосильцев,,Новосильцева,[],5,0.31622776601683794
P00912,Михайл,Иванович,Михайла Иваныч,[],5,0.4662277660168379
P00435,Дать,Бог,Дай Бог,[],5,0.4662277660168379
P00406,графиня,Безухов,графиня Безухова,[],5,0.4662277660168379
P00558,Жюли,Корнакова,Жюли Корнаковой,[],5,0.4662277660168379
P00991,Несвицким,,Несвицким,[],5,0.31622776601683794
P01213,Пётр,Кирилыч,Петр Кирилыч,"[{'title': 'граф', 'count': 1}]",5,0.4662277660168379
P00956,Нарышкин,,Нарышкина,[],5,0.31622776601683794
P00196,Больной,,Больного,[],5,0.31622776601683794
P00915,Мишо,,Мишо,[],5,0.31622776601683794
P01500,Хороший,,Хорош,[],5,0.31622776601683794
P00966,Наталья,Ильич,Наталья Ильинична,[],5,0.4662277660168379
P01365,Стоить,,Стой,[],5,0.31622776601683794
P01519,Чарторижский,,Чарторижский,[],5,0.31622776601683794
P00671,Кирилл,Безухов,Кирилла Владимировича Безухова,[],5,0.4662277660168379
P00122,Ауэрсперга,,Ауэрсперга,[],5,0.31622776601683794
P00930,Мортье,,Мортье,[],5,0.31622776601683794
P00120,Ауэрсперг,,Князь Ауэрсперг,"[{'title': 'князь', 'count': 2}]",5,0.31622776601683794
P00997,Никита,,Никита,[],5,0.31622776601683794
P00672,Кирстен,,Кирстен,[],5,0.31622776601683794
P00206,Борис,Друбецкий,Борис Друбецкой,[],5,0.4662277660168379
P00034,Александр,Павлович,Александр Павлович,"[{'title': 'государь', 'count': 1}]",5,0.4662277660168379
P00749,Лакей,,Лакей,[],5,0.31622776601683794
P00217,Боря,,Борю,[],5,0.31622776601683794
P00555,Жюли,Ахросимов,Жюли Ахросимова,[],5,0.4662277660168379
P01196,Пфуль,,Пфулем,[],5,0.31622776601683794
P01377,Сухоржевский,,Сухоржевский,[],5,0.31622776601683794
P00792,Лористон,,Лористон,[],5,0.31622776601683794
P00311,Волк,,Волк,[],5,0.31622776601683794
P00162,Берейтор,,Берейтор,[],5,0.31622776601683794
P00432,Данил,Купор,Данилу Купора,[],4,0.43284271247461903
P00929,Мортемара,,Мортемара,[],4,0.282842712474619
P00848,Марь,Генрихович,Марью Генриховну,[],4,0.43284271247461903
P01193,Пускай,,Пускай,[],4,0.282842712474619
P01192,Пуля,,Пуля,[],4,0.282842712474619
P01017,Никто,,Никто,[],4,0.282842712474619
P01522,Человек,,Человек,[],4,0.282842712474619
P00401,Графинюшка,,Графинюшка,[],4,0.282842712474619
P00562,Завидка,,Завидка,[],4,0.282842712474619
P00345,Гвардия,,Гвардия,[],4,0.282842712474619
P00287,Вздор,,Вздор,[],4,0.282842712474619
P00565,Зайфер,,Зайфер,[],4,0.282842712474619
P01264,Садиться,,Садись,[],4,0.282842712474619
P00169,Бисмарк,,Бисмарка,[],4,0.282842712474619
P00926,Монтеские,,Монтескье,[],4,0.282842712474619
P01012,Николаша,,Николаши,[],4,0.282842712474619
P01263,Саваря,,Савари,[],4,0.282842712474619
P00170,Бицкий,,Бицкий,[],4,0.282842712474619
P01437,Тётушка,,Тетушка,[],4,0.282842712474619
P00685,Князь,Василий,Князю Василию,[],4,0.43284271247461903
P01387,Тальма,,Тальма,[],4,0.282842712474619
P00268,Вейротер,,Вейротером,[],4,0.282842712474619
P00520,Елена,,Елена,[],4,0.282842712474619
P00822,Маленький,княгиня,Маленькая княгиня,[],4,0.43284271247461903
P00625,Кабы,,Кабы,[],4,0.282842712474619
P00985,Немец,,Немец,[],4,0.282842712474619
P00097,Анне,Михаилович,Анне Михайловне,[],4,0.43284271247461903
P01055,Ольмюца,,Ольмюц,[],4,0.282842712474619
P01410,Толпа,,Толпа,[],4,0.282842712474619
P00597,Иванушка,,Иванушка,[],4,0.282842712474619
P00609,Илья,Ростов,Илья Андреич Ростов,"[{'title': 'граф', 'count': 1}]",4,0.43284271247461903
P00607,Илья,,Илья,[],4,0.282842712474619
P00709,Кошелёк,,Кошелька,[],4,0.282842712474619
P01310,Слеза,,Слезы,[],4,0.282842712474619
P00860,Марья,Иванович,Марья Ивановна,[],4,0.43284271247461903
P00215,Бородин,,Бородина,[],4,0.282842712474619
P01317,Собака,,Собаки,[],4,0.282842712474619
P01036,Няня,,Няня,[],4,0.282842712474619
P00698,Конда,,Конде,[],4,0.282842712474619
P01606,Я,,Меня,[],4,0.282842712474619
P00082,Андрюша,,Андрюша,[],4,0.282842712474619
P00582,Здржинский,,Здржинский,[],4,0.282842712474619
P00964,Наталья,,Натальи,[],4,0.282842712474619
P01215,Пётр,Николаевич,Петр Николаевич,[],4,0.43284271247461903
P00494,Дуров,,Дурова,[],4,0.282842712474619
P01129,Поди,,Поди,[],4,0.282842712474619
P00073,Андрей,Николаевич,Андрея Николаевича,[],4,0.43284271247461903
P00390,Господь,,Господи,[],4,0.282842712474619
P01395,Твой,,Твоя,[],4,0.282842712474619
P00525,Ермол,,Ермолов,[],4,0.282842712474619
P00895,Мими,,Мими,[],4,0.282842712474619
P00699,Коновницын,,Коновницына,[],3,0.2449489742783178
P00696,Коляска,,Коляска,[],3,0.2449489742783178
P01095,Пелагеюшка,,Пелагеюшка,[],3,0.2449489742783178
P01190,Пултуск,,Пултуском,[],3,0.2449489742783178
P01177,Прозоровский,,Прозоровский,[],3,0.2449489742783178
P01404,Тит,,Тит,[],3,0.2449489742783178
P01088,Папенька,,Папенька,[],3,0.2449489742783178
P00375,Голицын,,Голицына,[],3,0.2449489742783178
P01396,Творец,,Творца,[],3,0.2449489742783178
P00350,Георгий,,Георгий,[],3,0.2449489742783178
P00557,Жюли,Друбецкий,Жюли Друбецкая,[],3,0.39494897427831777
P00682,Княжна,Марья,Княжне Марье,[],3,0.39494897427831777
P01227,Расино,,Расина,[],3,0.2449489742783178
P01269,Саша,,Саша,[],3,0.2449489742783178
P00544,Жеров,,Жерве,[],3,0.2449489742783178
P01134,Поехать,,Поедемте,[],3,0.2449489742783178
P01128,Поговский,,Поговский,[],3,0.2449489742783178
P01153,Поручик,,Поручик,[],3,0.2449489742783178
P01156,Потёмкин,,Потемкиных,[],3,0.2449489742783178
P00753,Ларрей,,Ларрей,[],3,0.2449489742783178
P01312,Слушать,,Слушаю,[],3,0.2449489742783178
P00487,Другой,,Другой,[],3,0.2449489742783178
P00602,Изволить,,Извольте,[],3,0.2449489742783178
P01117,Пить,,Пей,[],3,0.2449489742783178
P01116,Питта,,Питт,[],3,0.2449489742783178
P01236,Розенкампф,,Розенкампфу,[],3,0.2449489742783178
P01226,Рана,,Рана,[],3,0.2449489742783178
P00839,Мария,Терезия,Марией-Терезией,[],3,0.39494897427831777
P00813,мадемуазель,Жорж,мадемуазель Жорж,[],3,0.39494897427831777
P01338,Спаситель,,Спасителя,[],3,0.2449489742783178
P00448,Держать,,Держи,[],3,0.2449489742783178
P01162,Працена,,Працена,[],3,0.2449489742783178
P00817,Макеев,,Макеевым,[],3,0.2449489742783178
P01218,Ради,бог,Ради бога,[],3,0.39494897427831777
P00644,Карамзин,,Карамзин,[],3,0.2449489742783178
P00438,де,Мортемара,виконт де Мортемар,"[{'title': 'виконт', 'count': 3}]",3,0.39494897427831777
P00729,Курагин,,Курагиным,[],3,0.2449489742783178
P00665,Катя,,Катя,[],3,0.2449489742783178
P00834,Мамоново,,Мамонову,[],3,0.2449489742783178
P01366,Столыпин,,Столыпин,[],3,0.2449489742783178
P00666,Кесарь,,Кесаря,[],3,0.2449489742783178
P00499,Душенька,,Душенька,[],3,0.2449489742783178
P00356,герцог,Ольденбургский,герцог Ольденбургский,[],3,0.39494897427831777
P00344,Гарденберг,,Гарденбергу,[],3,0.2449489742783178
P01587,Энс,,Энса,[],3,0.2449489742783178
P01583,Элоиза,,Элоизы,[],3,0.2449489742783178
P01426,Туман,,Туман,[],3,0.2449489742783178
P01013,Николев,,Николев,[],3,0.2449489742783178
P01014,Николенька,,Николенька,[],3,0.2449489742783178
P01578,Экономов,,Экономову,[],3,0.2449489742783178
P00874,Матушка,,Матушка,[],3,0.2449489742783178
P00221,Брат,,Брат,[],3,0.2449489742783178
P00281,Верить,,Верьте,[],3,0.2449489742783178
P00949,Налево,,Налево,[],3,0.2449489742783178
P01548,Шенграбен,,Шенграбен,[],3,0.2449489742783178
P00226,Брюнна,,Брюнн,[],3,0.2449489742783178
P01434,Тьер,,Тьер,[],3,0.2449489742783178
P00243,Валуев,,Валуев,[],3,0.2449489742783178
P00095,Анна,Шерер,Анны Шерер,[],3,0.39494897427831777
P00876,Матюшка,,Матюшка,[],3,0.2449489742783178
P00300,Винценгерод,,Винценгероде,[],3,0.2449489742783178
P00927,Моро,,Моро,[],3,0.2449489742783178
P01439,Уварка,,Уваркой,[],3,0.2449489742783178
P00150,Беклешов,,Беклешова,[],3,0.2449489742783178
P01565,Штрауха,,Штраух,[],3,0.2449489742783178
P00231,Буксгевсть,,Буксгевдена,[],3,0.2449489742783178
P00080,Андрей!,,Андрей!,[],3,0.2449489742783178
P00237,Бурдино,,Бурдино,[],3,0.2449489742783178
P01480,Фецони,,Фецони,[],3,0.2449489742783178
P00180,Богданыкать,,Богданычем,[],3,0.2449489742783178
P01054,Ольденбургский,,Ольденбургского,[],3,0.2449489742783178
P00258,Ваш,,Вашу,[],3,0.2449489742783178
P00995,Нехорошо,,Нехорошо,[],3,0.2449489742783178
P00341,Вязьмитинов,,Вязьмитинова,[],3,0.2449489742783178
P01492,Фридрих,,Фридрих,[],3,0.2449489742783178
P01489,Француз,,Француз,[],3,0.2449489742783178
P01411,Толстой,,Толстого,[],3,0.2449489742783178
P01412,Толстый,,Толстый,[],3,0.2449489742783178
P00128,Баба,,Бабы,[],3,0.2449489742783178
P00261,Ввечеру,,Ввечеру,[],3,0.2449489742783178
P01493,Фридрих,Великий,Фридриха Великого,[],3,0.39494897427831777
P01039,Оболенский,,Оболенским,[],3,0.2449489742783178
P01037,Обед,,Обед,[],3,0.2449489742783178
P00890,Миколай,Митрич,Миколай Митрич,[],3,0.39494897427831777
P00911,Михайл,,Михайла,[],3,0.2449489742783178
P01444,Улан,,Уланы,[],3,0.2449489742783178
P00254,Васька,,Васька,[],3,0.2449489742783178
P01484,Фок,,Фока,[],3,0.2449489742783178
P01031,Ну,с,Ну-с,[],3,0.39494897427831777
P00251,Василий,Сергеевич,Василия Сергеевича,[],3,0.39494897427831777
P01540,Шварценберг,,Шварценберга,[],3,0.2449489742783178
P01035,Ньютон,,Ньютона,[],3,0.2449489742783178
P00987,Неприятель,,Неприятель,[],3,0.2449489742783178
P00137,Барин,,Барина,[],2,0.2
P00932,Мужаться,,Мужайтесь,[],2,0.2
P01254,Ругаюшка,,Ругаюшка,[],2,0.2
P00583,Зеркало,,Зеркало,[],2,0.2
P00933,Мужик,,Мужики,[],2,0.2
P01154,Посидеть,,Посидев,[],2,0.2
P00151,Белов,,Белова,[],2,0.2
P01258,Руссо,,Руссо,[],2,0.2
P00925,Монморанси,,Монморанси,[],2,0.2
P01255,Рука,,Рука,[],2,0.2
P00132,Баденский,,Баденскому,[],2,0.2
P00923,Молчать,,Молчи,[],2,0.2
P01148,Полковой,командир,Полковой командир,[],2,0.35
P01285,Семя,,Семена,[],2,0.2
P01298,Сзади,,Сзади,[],2,0.2
P00789,Лопухин,,Лопухин,[],2,0.2
P00518,Екатерина,Семёнович,Екатерина Семеновна,[],2,0.35
P01494,Функа,,Барон Функе,"[{'title': 'барон', 'count': 1}]",2,0.2
P00521,Елена,Василиевич,Елены Васильевны,[],2,0.35
P01053,Ольга,,Ольга,[],2,0.2
P00526,Ермолов,,Ермолова,[],2,0.2
P00528,Жако,,Жако,[],2,0.2
P00529,Жалкий,,Жалкий,[],2,0.2
P01405,Тихий,,Тише,[],2,0.2
P00783,Лицо,Наташа,Лицо Наташи,[],2,0.35
P01287,Семён,Чекмарь,Семен Чекмарь,[],2,0.35
P00535,Жена,,Жене,[],2,0.2
P00183,Богучарово,,Богучарово,[],2,0.2
P01049,Один,Пьер,Один Пьер,[],2,0.35
P00566,Закидать,,Закидана,[],2,0.2
P01135,Пожить,,Поживем,[],2,0.2
P01278,Сделать,,Сделай,[],2,0.2
P01507,Худой,,Худое,[],2,0.2
P01508,Царевна,,Царевна,[],2,0.2
P01510,Царёв,Займище,Царево-Займище,[],2,0.35
P00159,Бенигсено,,Бенигсеном,[],2,0.2
P01249,Роялист,,Роялистов,[],2,0.2
P01142,Полк,,Полк,[],2,0.2
P01143,Полкан,,Полкану,[],2,0.2
P01144,Полковник,,Полковник,[],2,0.2
P01514,Цесаревич,,Цесаревич,[],2,0.2
P00563,Завидки,,Завидки,[],2,0.2
P01044,Огонёк,,Огоньку,[],2,0.2
P01516,Цнаём,,Цнайма,[],2,0.2
P00588,Знамя,,Знамя,[],2,0.2
P00612,Илюшка,,Илюшка,[],2,0.2
P00591,Зубов,,Зубова,[],2,0.2
P00732,Куракина,,Куракину,[],2,0.2
P01206,Пьер!,,Пьер!,[],2,0.2
P00056,Амелия,Евгениевич,Амелии Евгеньевне,[],2,0.35
P00728,Кузьмич,,Кузьмич,[],2,0.2
P01201,Пьер,Павлович,Пьера Анна Павловна,[],2,0.35
P00973,Наташина,,Наташина,[],2,0.2
P00042,Алина,,Алина,"[{'title': 'княгиня', 'count': 1}]",2,0.2
P01011,Николай!,,Николай!,[],2,0.2
P00676,Клаузевица,,Клаузевиц,[],2,0.2
P00677,Клитемнестр,,Клитемнестры,[],2,0.2
P01172,Притом,,Притом,[],2,0.2
P00681,Княжна,Марь,Княжну Марью,[],2,0.35
P00033,Александр,Македонский,Александр Македонский,[],2,0.35
P00032,Александр,I,Александру I,[],2,0.35
P01590,Эрфурт,,Эрфурта,[],2,0.2
P00723,Кто,,Кто,[],2,0.2
P00026,Акинфий,,Акинфием,[],2,0.2
P01601,Юльнер,,Юльнер,[],2,0.2
P00722,Крушить,,Круши,[],2,0.2
P00695,Коля,,Коля,[],2,0.2
P01603,Юнкер,,Юнкер,[],2,0.2
P01604,Юнкер,Миронов,Юнкер Миронов,[],2,0.35
P00700,Константин,Павлович,Константину Павловичу,[],2,0.35
P00719,Крик,,Крик,[],2,0.2
P00009,А.и.,,А.И.,[],2,0.2
P00704,Корин,,Кориной,[],2,0.2
P01176,Провидение,,Провидения,[],2,0.2
P00716,Краска,,Краска,[],2,0.2
P01608,Яков,,Яков,[],2,0.2
P00999,Никола,Явленный,Николы Явленного,[],2,0.35
P00057,Амфилохия,,Амфилохий,[],2,0.2
P01209,Пётр,Великий,Петр Великий,[],2,0.35
P01244,Ростопчин,,Ростопчиным,[],2,0.2
P00652,Карл,Иванович,Карл Иваныч,[],2,0.35
P00119,Аустерлицкий,,Аустерлицкое,[],2,0.2
P01536,Шаг,,Шагом,[],2,0.2
P00116,Аудитор,,Аудитор,[],2,0.2
P00115,Аугест,,Аугеста,[],2,0.2
P00943,Надежда,,Надежды,[],2,0.2
P00610,Илья,Иванович,Илья Иваныч,[],2,0.35
P00510,Егорка,,Егоркой,[],2,0.2
P01544,Шевардинский,,Шевардинский,[],2,0.2
P01237,Рокра,,Рокрой,[],2,0.2
P01030,Ну,ка,Ну-ка,[],2,0.35
P01235,Рогановый,,Роганов,[],2,0.2
P01028,Ностица,,Ностица,[],2,0.2
P01550,Шерер,,Шерер,[],2,0.2
P00091,Анна,Друбецкий,Княгиня Анна Михайловна Друбецкая,"[{'title': 'княгиня', 'count': 1}]",2,0.35
P00743,Лаборд,,Лаборда,[],2,0.2
P00088,Анна,,Анна,[],2,0.2
P00086,Анисья,,Анисье,[],2,0.2
P01024,Новосилец,,Новосильцев,[],2,0.2
P00634,Камердинер,,Камердинер,[],2,0.2
P00957,Насилу,,Насилу,[],2,0.2
P00636,Канонада,,Канонада,[],2,0.2
P00960,Настя,,Насти,[],2,0.2
P00641,Капля,,Капли,[],2,0.2
P01563,Штаб,,Штаб,[],2,0.2
P00737,Кутайсовый,,Кутайсовым,[],2,0.2
P00064,Ангел,,Ангел,[],2,0.2
P00649,Карл,,Карл,[],2,0.2
P00058,Анатолий,Василиевич,Анатолий Васильевич,[],2,0.35
P01212,Пётр,Кириллович,Петр Кириллович,[],2,0.35
P00199,Бондаренко,,Бондаренко,[],2,0.2
P00185,Божественный,Спаситель,Божественный Спаситель,[],2,0.35
P01301,Сидоров,,Сидоров,[],2,0.2
P01329,Сонин,,Сонина,[],2,0.2
P01445,Улыбка,,Улыбка,[],2,0.2
P01447,Ульм,,Ульма,[],2,0.2
P01362,Степан,Степанович,Степан Степанович,[],2,0.35
P01361,Старый,князь,Старый князь,[],2,0.35
P00832,Маменька,,Маменька,[],2,0.2
P00282,Верно,,Верно,[],2,0.2
P01354,Староста,,Староста,[],2,0.2
P00201,Бора,,Боре,[],2,0.2
P00824,Мальбрук,,Мальбрук,[],2,0.2
P01451,Умереть,,Умрем,[],2,0.2
P00276,Вена,,Вену,[],2,0.2
P01452,Унтер,,Унтер,[],2,0.2
P00273,Великий,Архитектор,Великий Архитектор,[],2,0.35
P00272,Великий,,Великого,[],2,0.2
P01067,Остермана,,Остермана,[],2,0.2
P00264,Вдруг,Долох,Вдруг Долохов,[],2,0.35
P00440,Девка,,Девка,[],2,0.2
P00441,Девочка,,Девочки,[],2,0.2
P01110,Петрушка,,Петрушка,[],2,0.2
P00888,Месяц,,Месяц,[],2,0.2
P01064,Освальд,,Освальда,[],2,0.2
P00455,Дмитрий,,Дмитрий,[],2,0.2
P01335,Софья,,Софью,[],2,0.2
P00241,В.л.пушкин,,В.Л.Пушкиным,[],2,0.2
P01114,Пилада,,Пилад,[],2,0.2
P01061,Орлов,,Орлова,[],2,0.2
P00462,Добрый,,Доброе,[],2,0.2
P00409,Графиня,Ростов,Графиня Ростова,[],2,0.35
P01443,Уйти,,Уйди,[],2,0.2
P00293,Вилльнёв,,Вилльнёв,[],2,0.2
P01382,Счастливый,,Счастливым,[],2,0.2
P00343,Гаврило,,Гаврило,[],2,0.2
P00352,Гердёр,,Гердера,[],2,0.2
P00862,Марья,Долоховый,Марьи Ивановны Долоховой,[],2,0.35
P00331,Всемогущий,,Всемогущий,[],2,0.2
P01420,Тот,,Того,[],2,0.2
P01090,Парис,,Парис,[],2,0.2
P01389,Тарас,,Тарас,[],2,0.2
P00372,Говорить,,Говори,[],2,0.2
P01079,П.и.кутузов,,П.И.Кутузовым,[],2,0.2
P00849,Марь,Дмитриевич,Марью Дмитриевну,[],2,0.35
P00377,Голос,,Голос,[],2,0.2
P00378,Голубчик,,Голубчик,[],2,0.2
P00382,Гончая,,Гончие,[],2,0.2
P00294,Вилья,,Вилье,[],2,0.2
P00383,Гончий,,Гончих,[],2,0.2
P00384,Горничная,,Горничная,[],2,0.2
P00845,Маршал,,Маршалы,[],2,0.2
P00318,Вон,,Вон,[],2,0.2
P01378,Сухтелена,,Сухтелена,[],2,0.2
P00314,Волос,,Волоса,[],2,0.2
P00310,Военный,министр,Военный министр,[],2,0.35
P00306,Владимир,,Владимира,[],2,0.2
P00304,Вишау,,Вишау,[],2,0.2
P00303,Вифлянка,,Вифлянкой,[],2,0.2
P00400,графа,Ростов,графу Ростову,[],2,0.35
P01440,Уваров,,Уварова,[],2,0.2
P00235,Буонапартия,,Буонапартию,[],2,0.2
P00714,Красивый,,Красивее,[],2,0.2
P01316,Смотреть,,Смотри,[],2,0.2
P01475,Фельдшер,,Фельдшер,[],2,0.2
P01323,Сократ,,Сократ,[],2,0.2
P00475,Дохтур,,Дохтуров,[],2,0.2
P01122,Платов,,Платова,[],2,0.2
P01477,Ферапонтов,,Ферапонтову,[],2,0.2
P00223,Бржозовский,,Бржозовской,[],2,0.2
P00804,Лёд,,Лед,[],2,0.2
P00479,Дрисс,,Дриссе,[],2,0.2
P00210,Борис,Сергеевич,Борис Сергеевич,[],2,0.35
P00204,Борзятник,,Борзятников,[],2,0.2
P00480,Дрисский,,Дрисский,[],2,0.2
P00805,Лёля,,Леля,[],2,0.2
P01486,Фр.,,Фр.,[],2,0.2
P01308,Скотина,,Скотина,[],2,0.2
P00222,Брать,,Бери,[],2,0.2
P00799,Любовь,,Любовь,[],2,0.2
P00802,Людовик,Хvi,Людовика ХVI,[],2,0.35
P00220,Браницкий,,Браницкий,[],2,0.2
P01474,Фельдфебель,,Фельдфебелей,[],2,0.2
P00492,Дурак,,Дурак,[],2,0.2
P01115,Писать,,Пиши,[],2,0.2
P00230,Буксгевдный,,Буксгевден,[],2,0.2
P01490,Фриана,,Фриана,[],2,0.2
P00905,Михаил,Ларионович,Михаил Ларионович,[],2,0.35
P01327,Сон,,Сон,[],2,0.2
P01326,Соломон,,Соломона,[],2,0.2
P00218,Босс,,Боссе,[],2,0.2
P01166,Прийти,,Приду,[],1,0.1414213562373095
P01167,Принест,,Принесте,[],1,0.1414213562373095
P01019,Ничего,,Ничего,[],1,0.1414213562373095
P01120,План,Пончинить,План Пончини,[],1,0.29142135623730947
P01058,Он,Мать,Его Пресвятая Матерь,[],1,0.29142135623730947
P01094,Певчий,,Певчие,[],1,0.1414213562373095
P01056,Ольмюцкий,,Ольмюцкого,[],1,0.1414213562373095
P01131,Подле,Кутузов,Подле Кутузова,[],1,0.29142135623730947
P01169,принц,Евгений,принц Евгений,[],1,0.29142135623730947
P01170,Принц,Мюрата,Принц Мюрат,[],1,0.29142135623730947
P01076,Охотник,,Охотники,[],1,0.1414213562373095
P01052,Окно,,Окно,[],1,0.1414213562373095
P01119,План,,План,[],1,0.1414213562373095
P01016,Николя,,Николя,[],1,0.1414213562373095
P01018,Нихта,,Нихт,[],1,0.1414213562373095
P01118,Пишегрить,,Пишегрю,[],1,0.1414213562373095
P01130,Поди,ка,Поди-ка,[],1,0.29142135623730947
P01127,Погов?ский,,Погов?ский,[],1,0.1414213562373095
P01168,Принести,,Принеси,[],1,0.1414213562373095
P01096,Пенсия,,Пенсий,[],1,0.1414213562373095
P01171,Присесть,,Присядьте,[],1,0.1414213562373095
P01147,Полковой,,Полковой,[],1,0.1414213562373095
P01077,Очаровательный,Ипполит,Очаровательный Ипполит,[],1,0.29142135623730947
P01078,П.и.,,П.И.,[],1,0.1414213562373095
P01124,Плохо,,Плохо,[],1,0.1414213562373095
P01123,Платон,,Платон,[],1,0.1414213562373095
P01178,Проклятый,Бонапарт,Проклятый Бонапарт,[],1,0.29142135623730947
P01087,Папаша,,Папаша,[],1,0.1414213562373095
P01175,Провиант,,Провианту,[],1,0.1414213562373095
P01086,Папа,,Папа,[],1,0.1414213562373095
P01085,Паника,,Паника,[],1,0.1414213562373095
P01125,Плутарх,,Плутарх,[],1,0.1414213562373095
P01174,Приходить,,Прихожу,[],1,0.1414213562373095
P01084,Пани,,Пани,[],1,0.1414213562373095
P01000,Николаенек,,Николаенька,[],1,0.1414213562373095
P01089,Пари,,Пари,[],1,0.1414213562373095
P01173,Притом,Вера,Притом Вера,[],1,0.29142135623730947
P01083,Павля,,Павле,[],1,0.1414213562373095
P01082,Павел,Петрович,Павлу Петровичу,[],1,0.29142135623730947
P01121,Плат,Иванович,Платов Матвей Иваныч,[],1,0.29142135623730947
P01002,Николай,Алпатыч,Николаю Алпатыч,[],1,0.29142135623730947
P01081,Павел,Кутузов,Павла Ивановича Кутузова,[],1,0.29142135623730947
P01005,Николай,Болконский,Николая Болконского,[],1,0.29142135623730947
P01080,Па,азвольт,Па-азвольте,[],1,0.29142135623730947
P01092,Пахнуть,,Пахло,[],1,0.1414213562373095
P01006,Николай,Дрон,Николай Дрону,[],1,0.29142135623730947
P01007,Николай,Денисов,Николай к Денисову,[],1,0.29142135623730947
P01097,Передовой,,Передовой,[],1,0.1414213562373095
P01126,Поварской,,Поварской,[],1,0.1414213562373095
P01009,Николай,Ростовый,Николаем Ростовым,[],1,0.29142135623730947
P01010,Николай,чудотворец,Николая чудотворца,[],1,0.29142135623730947
P01093,Пг'одуться,,Пг'одулся,[],1,0.1414213562373095
P01051,Одр,,Одр,[],1,0.1414213562373095
P01020,Ничто,,Ничто,[],1,0.1414213562373095
P01021,Нищета,,Нищета,[],1,0.1414213562373095
P01138,Познать,,Познав,[],1,0.1414213562373095
P01032,Ну,тка,Ну-тка,[],1,0.29142135623730947
P01033,Нут,ка,Нут-ка,[],1,0.29142135623730947
P01139,Позоржица,,Позоржицу,[],1,0.1414213562373095
P01047,Один,Бонапарт,Один Бонапарт,[],1,0.29142135623730947
P01158,Правда,,Правду,[],1,0.1414213562373095
P01046,Один,Багратион,Один Багратион,[],1,0.29142135623730947
P01068,Остермана,Толстой,Остермана-Толстого,[],1,0.29142135623730947
P01141,Покуда,Борис,Покуда Борис,[],1,0.29142135623730947
P01038,Обожать,Вы,Обожающий Вас,[],1,0.29142135623730947
P01109,Петруша,Ростов,Петруша Ростов,[],1,0.29142135623730947
P01040,Оболенский,Федя,Оболенский Федя,[],1,0.29142135623730947
P01157,Поутру,,Поутру,[],1,0.1414213562373095
P01041,Обругать,,Обругал,[],1,0.1414213562373095
P01066,Остерман,Толстой,Граф Остерман-Толстой,"[{'title': 'граф', 'count': 1}]",1,0.29142135623730947
P01155,Постоять,,Постой,[],1,0.1414213562373095
P01065,Остерман,,Граф Остерман,"[{'title': 'граф', 'count': 1}]",1,0.1414213562373095
P01112,Петя,Пьер,Петя Пьера,[],1,0.29142135623730947
P01113,Пехота,,Пехота,[],1,0.1414213562373095
P01063,Осанна,,Осанна,[],1,0.1414213562373095
P01042,Овёс,,Овса,[],1,0.1414213562373095
P01152,Порох,,Порох,[],1,0.1414213562373095
P01062,Орёл,,Орел,[],1,0.1414213562373095
P01151,Попадья,,Попадья,[],1,0.1414213562373095
P01043,Ого,,Ого,[],1,0.1414213562373095
P01060,Оох,,Оох,[],1,0.1414213562373095
P01145,Полковник,Fаbviеr,Полковник Fаbviеr,[],1,0.29142135623730947
P01106,Петров,,Петров,[],1,0.1414213562373095
P01069,Острота,,Остроты,[],1,0.1414213562373095
P01070,Отечество,,Отечество,[],1,0.1414213562373095
P01072,Отрадный,,Отрадным,[],1,0.1414213562373095
P01022,Но,Мария,Но Мария,[],1,0.29142135623730947
P01132,Подле,Пьер,Подле Пьера,[],1,0.29142135623730947
P01133,Подольский,,Подольский,[],1,0.1414213562373095
P01074,Отшельник,,Отшельником,[],1,0.1414213562373095
P01146,Полковник,Юльнер,Полковник Юльнер,[],1,0.29142135623730947
P01164,Пресвятой,Богородица,Пресвятая Богородица,[],1,0.29142135623730947
P01098,Перигор,,Перигоре,[],1,0.1414213562373095
P01023,Но,Пьер,Но Пьер,[],1,0.29142135623730947
P01163,Предчувствие,,Предчувствие,[],1,0.1414213562373095
P01099,Перновский,,Перновский,[],1,0.1414213562373095
P01100,Перо,,Перья,[],1,0.1414213562373095
P01050,Однопомётник,Милка,Однопометник Милки,[],1,0.29142135623730947
P01026,Нога,,Нога,[],1,0.1414213562373095
P01105,Петро,,Петро,[],1,0.1414213562373095
P01101,Перовский,,Перовской,[],1,0.1414213562373095
P01027,Носилки,,Носилки,[],1,0.1414213562373095
P01048,Один,Пфуля,Один Пфуль,[],1,0.29142135623730947
P01136,Позади,,Позади,[],1,0.1414213562373095
P01071,Отраднен?,,Отраднен?,[],1,0.1414213562373095
P01103,Петенька,,Петеньки,[],1,0.1414213562373095
P01161,Пратереть,,Пратер,[],1,0.1414213562373095
P01160,Пратер,,Пратера,[],1,0.1414213562373095
P01104,Петр!,Петруша,Петр! Петруша,[],1,0.29142135623730947
P01137,Позвать,,Позови,[],1,0.1414213562373095
P01159,Правда,Местр,Правду Жозеф Местр,[],1,0.29142135623730947
P01029,Ночь,,Ночь,[],1,0.1414213562373095
P01107,Петрухан,,Петрухан,[],1,0.1414213562373095
P00001,Duроrt,,Duроrt,[],1,0.1414213562373095
P01179,Прокофий,Рыжий,Прокофия Рыжего,[],1,0.29142135623730947
P01469,Федот,,Федотов,[],1,0.1414213562373095
P01483,Флигель,,Флигель,[],1,0.1414213562373095
P01482,Филёд,,Фильда,[],1,0.1414213562373095
P01481,Феццони,,Феццони,[],1,0.1414213562373095
P01473,Фельдмаршал,,Фельдмаршал,[],1,0.1414213562373095
P01471,Федченка,,Федченкой,[],1,0.1414213562373095
P01470,Федра,,Федры,[],1,0.1414213562373095
P01468,Федосьюшка,,Федосьюшке,[],1,0.1414213562373095
P01487,Франкмасон,,Франкмасон,[],1,0.1414213562373095
P01467,Федешов,,Федешов,[],1,0.1414213562373095
P01466,Фатализм,,Фатализм,[],1,0.1414213562373095
P01465,Фальстафа,,Фальстафу,[],1,0.1414213562373095
P01464,Фальстаф,,Фальстафом,[],1,0.1414213562373095
P01463,Фабвие,,Фабвье,[],1,0.1414213562373095
P01462,Ф.долох,,Ф.Долохов,[],1,0.1414213562373095
P01485,Форейтор,,Форейтор,[],1,0.1414213562373095
P01491,Фридланда,,Фридланде,[],1,0.1414213562373095
P01460,Ууу,,Ууу,[],1,0.1414213562373095
P01505,Христос,Бог,Христу Богу,[],1,0.29142135623730947
P01515,Цесарь,,Цесарь,[],1,0.1414213562373095
P01513,Цепь,,Цепь,[],1,0.1414213562373095
P01512,Целовать,,Целуй,[],1,0.1414213562373095
P01511,Целковый,,Целковый,[],1,0.1414213562373095
P01509,Царь,,Цари,[],1,0.1414213562373095
P01506,Христос,Рафаэль,Христом Рафаэля,[],1,0.29142135623730947
P01503,Хохот,,Хохот,[],1,0.1414213562373095
P01495,Фуражка,,Фуражка,[],1,0.1414213562373095
P01502,Хотите?,Долох,Хотите? Долохов,[],1,0.29142135623730947
P01501,Хотеть,,Хочу,[],1,0.1414213562373095
P01499,Холодно,,Холодно,[],1,0.1414213562373095
P01498,Хозяин,,Хозяин,[],1,0.1414213562373095
P01497,Харон,,Харона,[],1,0.1414213562373095
P01496,Ха,ха,Ха-ха-ха,[],1,0.29142135623730947
P01461,Ух!,Ух,Ух! Ух,[],1,0.29142135623730947
P01459,Утро,,Утро,[],1,0.1414213562373095
P01180,Прокошко,,Прокошка,[],1,0.1414213562373095
P01415,Толя,,Толя,[],1,0.1414213562373095
P01422,Третий,,Третье,[],1,0.1414213562373095
P01421,Традиридир,,Традиридира,[],1,0.1414213562373095
P01419,Торчать,,Торчавшие,[],1,0.1414213562373095
P01418,Торопливо,,Торопливо,[],1,0.1414213562373095
P01417,Тормасова,,Тормасова,[],1,0.1414213562373095
P01416,Тон,,Тон,[],1,0.1414213562373095
P01413,Толстый,адъютант,Толстый адъютант,[],1,0.29142135623730947
P01424,Троица,,Троица,[],1,0.1414213562373095
P01409,Тишка,,Тишка,[],1,0.1414213562373095
P01408,Тихонов,,Тихоновыми,[],1,0.1414213562373095
P01402,Тильзита,,Тильзита,[],1,0.1414213562373095
P01401,Тепло,,Тепло,[],1,0.1414213562373095
P01400,Тень,,Тень,[],1,0.1414213562373095
P01399,Тем,,Тем,[],1,0.1414213562373095
P01423,Тридцатый,Пьер,Тридцатого Пьер,[],1,0.29142135623730947
P01425,Трунить,,Трунила,[],1,0.1414213562373095
P01458,Усач,,Усача,[],1,0.1414213562373095
P01448,Ульмскома,,Ульмскому,[],1,0.1414213562373095
P01457,Урусов,,Урусов,[],1,0.1414213562373095
P01456,Урур,,Уруру,[],1,0.1414213562373095
P01455,Ураа,,Ураа,[],1,0.1414213562373095
P01454,Ура!,Ростов,Ура! Ростов,[],1,0.29142135623730947
P01450,Умение,,Уменье,[],1,0.1414213562373095
P01449,Уля,лю,Улю-лю-лю,[],1,0.29142135623730947
P01446,Улыбка,Наполеон,Улыбка Наполеона,[],1,0.29142135623730947
P01428,Тут,Николай,Тут Николай,[],1,0.29142135623730947
P01442,Ужинать,,Ужинал,[],1,0.1414213562373095
P01441,Увидать,,Увидав,[],1,0.1414213562373095
P01438,Увар,,Уваров,[],1,0.1414213562373095
P01436,Тётенька,,Тетенька,[],1,0.1414213562373095
P01435,Тьфу,,Тьфу,[],1,0.1414213562373095
P01433,Ты,Денисов,Тебе Кирилл Андреевич Денисов,[],1,0.29142135623730947
P01517,Цыганка,,Цыганка,[],1,0.1414213562373095
P01518,Чаплин,,Чаплина,[],1,0.1414213562373095
P01520,Часы,,Часы,[],1,0.1414213562373095
P01576,Экий,,Экой,[],1,0.1414213562373095
P01585,Энгиенский,,Энгиенский,[],1,0.1414213562373095
P01584,Элоить,,Элоим,[],1,0.1414213562373095
P01582,Элена,Василиевич,Элена Васильевна,[],1,0.29142135623730947
P01581,Элен!,,Элен!,[],1,0.1414213562373095
P01580,Элен,Безухов,Элен Безухову,[],1,0.29142135623730947
P01577,Экмюльский,,Экмюльский,[],1,0.1414213562373095
P01575,Эки,,Эки,[],1,0.1414213562373095
P01588,Энский,,Энского,[],1,0.1414213562373095
P01574,Экзекуция,,Экзекуция,[],1,0.1414213562373095
P01573,Эка,,Эка,[],1,0.1414213562373095
P01572,Эй!,,Эй!,[],1,0.1414213562373095
P01571,Эдуард,Карлович,Эдуард Карлыч,[],1,0.29142135623730947
P01570,Эдем,,Эдема,[],1,0.1414213562373095
P01569,Эгоизм,,Эгоизм,[],1,0.1414213562373095
P01586,Эне,,Эне,[],1,0.1414213562373095
P01589,Эраст,,Эраста,[],1,0.1414213562373095
P01521,Чатров,,Чатров,[],1,0.1414213562373095
P01599,Юбер,,мадам Юбер,"[{'title': 'мадам', 'count': 1}]",1,0.1414213562373095
P01611,Ярко,,Ярко,[],1,0.1414213562373095
P01609,Яков,Алпатыкать,Якову Алпатычу,[],1,0.29142135623730947
P01607,Я,Борис,Я Борис,[],1,0.29142135623730947
P01605,Юрий,Долгорукий,Юрий Владимирович Долгорукий,[],1,0.29142135623730947
P01602,Юнга,Штиллинга,Юнга Штиллинга,[],1,0.29142135623730947
P01600,Юбка,Наташа,Юбка Наташи,[],1,0.29142135623730947
P01598,Эцельсдорф,,Эцельсдорфа,[],1,0.1414213562373095
P01591,Эрцгерцог,Карл,Эрцгерцог Карл,[],1,0.29142135623730947
P01597,Эттингенский,,Эттингенскому,[],1,0.1414213562373095
P01596,Это,,Этим,[],1,0.1414213562373095
P01595,Этенгейм,,Этенгейм,[],1,0.1414213562373095
P01594,Эссена,,Эссена,[],1,0.1414213562373095
P01593,Эскадрон,,Эскадрон,[],1,0.1414213562373095
P01592,эрцгерцог,Фердинанд,эрцгерцога Фердинанда,[],1,0.29142135623730947
P01568,Э!,Вася,Э! Вася,[],1,0.29142135623730947
P01567,Щека,,Щеки,[],1,0.1414213562373095
P01566,Шуберт,,Шуберт,[],1,0.1414213562373095
P01531,Чистопсовый,,Чистопсовая,[],1,0.1414213562373095
P01538,Шарлотта,Рошфора,Шарлотте де Роган Рошфор,[],1,0.29142135623730947
P01537,Шапка,,Шапки,[],1,0.1414213562373095
P01535,Чучело,,Чучела,[],1,0.1414213562373095
P01534,Что,,Чего,[],1,0.1414213562373095
P01533,Чопорный,,Чопорна,[],1,0.1414213562373095
P01532,Чичагов,,Чичагова,[],1,0.1414213562373095
P01530,Чиргазовый,,Чиргазовой,[],1,0.1414213562373095
P01562,Шпага,,Шпага,[],1,0.1414213562373095
P01529,Четверо,,Четверых,[],1,0.1414213562373095
P01528,Четверня,,Четверню,[],1,0.1414213562373095
P01526,Черноглазый,,Черноглазая,[],1,0.1414213562373095
P01525,Черноватый,,Черноватый,[],1,0.1414213562373095
P01524,Чепыж,,Чепыж,[],1,0.1414213562373095
P01523,Человек,Он,Люди Его,[],1,0.29142135623730947
P01539,Шашка,,Шашка,[],1,0.1414213562373095
P01541,Швейцар,,Швейцар,[],1,0.1414213562373095
P01542,Швейцарец,Lаbоrd,Швейцарец Lаbоrdе,[],1,0.29142135623730947
P01543,Швырять,,Швыряй,[],1,0.1414213562373095
P01545,Шелинга,,Шелингу,[],1,0.1414213562373095
P01546,Шен?грабен,,Шен?грабене,[],1,0.1414213562373095
P01547,Шенбрунн,,Шенбрунн,[],1,0.1414213562373095
P01549,Шепелевый,,Шепелева,[],1,0.1414213562373095
P01551,Шерсть,,Шерсть,[],1,0.1414213562373095
P01552,Шиллер,,Шиллер,[],1,0.1414213562373095
P01553,Шиншин,,Шиншиным,[],1,0.1414213562373095
P01555,Широкоплечий,,Широкоплечий,[],1,0.1414213562373095
P01556,Шишков,,Шишковым,[],1,0.1414213562373095
P01557,Шишкова,,Шишкова,[],1,0.1414213562373095
P01558,Шишковы,,Шишков,[],1,0.1414213562373095
P01560,Шмить,,Шмит,[],1,0.1414213562373095
P01561,Шнеллер,,Шнеллера,[],1,0.1414213562373095
P01397,Телянин,,Теляниным,[],1,0.1414213562373095
P01394,Тащить,,Тащи,[],1,0.1414213562373095
P01393,Тафа,лафа,Тафа-лафа,[],1,0.29142135623730947
P01251,Рубить,,Рубить,[],1,0.1414213562373095
P01262,Рюрик,,Рюрика,[],1,0.1414213562373095
P01261,Рэдклиф,,Рэдклиф,[],1,0.1414213562373095
P01260,Русь,,Русь,[],1,0.1414213562373095
P01259,Рустан,,Рустан,[],1,0.1414213562373095
P01257,Русак,,Русак,[],1,0.1414213562373095
P01252,Ругай,,Ругае,[],1,0.1414213562373095
P01250,Ртищево,,Ртищева,[],1,0.1414213562373095
P01266,Салтык,,Салтыков,[],1,0.1414213562373095
P01248,Ротный,,Ротные,[],1,0.1414213562373095
P01247,Рот,,Рот,[],1,0.1414213562373095
P01246,Ростопчина,Пьер,Ростопчин Пьеру,[],1,0.29142135623730947
P01243,Ростовый,Наташа,Ростовых Наташа,[],1,0.29142135623730947
P01241,Ростов,Ильин,Ростов Ильину,[],1,0.29142135623730947
P01240,Ростов,Долохов,Ростов Долохова,[],1,0.29142135623730947
P01265,Саломонить,,Саломони,[],1,0.1414213562373095
P01267,Салтыков,,Салтыкова,[],1,0.1414213562373095
P01289,Сенат,,Сенату,[],1,0.1414213562373095
P01277,Священник,Анисим,Священник Анисим,[],1,0.29142135623730947
P01284,Семен!,,Семен!,[],1,0.1414213562373095
P01283,Сель,,Сели,[],1,0.1414213562373095
P01282,Селиван,,Селиванов,[],1,0.1414213562373095
P01281,Седой,Тихон,Седой Тихон,[],1,0.29142135623730947
P01280,Седой,,Седой,[],1,0.1414213562373095
P01279,Себя,,Себя,[],1,0.1414213562373095
P01276,Священник,,Священника,[],1,0.1414213562373095
P01268,Самовар,,Самовар,[],1,0.1414213562373095
P01275,Святой,дух,Святого духа,[],1,0.29142135623730947
P01274,Свобода,,Свобода,[],1,0.1414213562373095
P01273,Свитский,,Свитский,[],1,0.1414213562373095
P01272,Свита,,Свита,[],1,0.1414213562373095
P01271,Свинья,,Свинья,[],1,0.1414213562373095
P01270,Сашка,,Сашку,[],1,0.1414213562373095
P01238,Ромул,,Ромулы,[],1,0.1414213562373095
P01234,Робеспьер,,Робеспьера,[],1,0.1414213562373095
P01233,Роltаw,,Роltаwа,[],1,0.1414213562373095
P01189,Пудреный,,Пудреные,[],1,0.1414213562373095
P01202,Пьер,Безухов,Пьера Безухова,[],1,0.29142135623730947
P01199,Пшизецкий,,Пшизецкой,[],1,0.1414213562373095
P01198,Пшезовск,,Пшезовска,[],1,0.1414213562373095
P01195,Пфуле,,Пфуле,[],1,0.1414213562373095
P01194,Пустой,,Пустое,[],1,0.1414213562373095
P01191,Пултускнуть,,Пултуск,[],1,0.1414213562373095
P01188,Пряничников,,Пряничникове,[],1,0.1414213562373095
P01232,Ришелье,,Ришелье,[],1,0.1414213562373095
P01187,Пряничник,,Пряничников,[],1,0.1414213562373095
P01186,Прусский,король,Прусским королем,[],1,0.29142135623730947
P01184,Прохор,Игнатыч,Прохор Игнатыч,[],1,0.29142135623730947
P01183,Простить,,Прости,[],1,0.1414213562373095
P01182,Проскакать,,Проскакав,[],1,0.1414213562373095
P01181,Просить,,Проси,[],1,0.1414213562373095
P01203,Пьер,Бог,Пьером Бога,[],1,0.29142135623730947
P01204,Пьер,Бенигсено,Пьер за Бенигсеном,[],1,0.29142135623730947
P01205,Пьер,незаконный,Пьер незаконный,[],1,0.29142135623730947
P01208,Пётр,Вяземский,Петр Андреевич Вяземский,[],1,0.29142135623730947
P01210,Пётр,Владимирович,Петру Владимировичу,[],1,0.29142135623730947
P01211,Пётр,Григориевич,Петр Григорьевич,[],1,0.29142135623730947
P01214,Пётр,Михаилович,Петра Михайловича,[],1,0.29142135623730947
P01216,Рада,,Рада,[],1,0.1414213562373095
P01217,Ради,,Ради,[],1,0.1414213562373095
P01219,Радоваться,,Радуйся,[],1,0.1414213562373095
P01220,Раев?ский,,Раев?ского,[],1,0.1414213562373095
P01222,Развес,,Развесе,[],1,0.1414213562373095
P01223,Разлука,,Разлука,[],1,0.1414213562373095
P01225,Рамо,,Рамо,[],1,0.1414213562373095
P01228,Расхохотаться,,Расхохотались,[],1,0.1414213562373095
P01229,Ребёнок,,Ребенок,[],1,0.1414213562373095
P01231,Рифея,,Рифей,[],1,0.1414213562373095
P01288,Семёнов,,Семенова,[],1,0.1414213562373095
P01290,Сера,,Сера,[],1,0.1414213562373095
P01392,Татарин,,Татарин,[],1,0.1414213562373095
P01356,Старший,Вера,Старшая Вера,[],1,0.29142135623730947
P01364,Степка,,Степки,[],1,0.1414213562373095
P01363,Степан,Апраксин,Степан Степанович Апраксин,[],1,0.29142135623730947
P01360,Старый,княгиня,Старая княгиня,[],1,0.29142135623730947
P01359,Старый,графиня,Старая графиня,[],1,0.29142135623730947
P01358,Старый,Болконский,Старый Болконский,[],1,0.29142135623730947
P01357,Старшина,,Старшины,[],1,0.1414213562373095
P01355,Старушка,,Старушек,[],1,0.1414213562373095
P01368,Стрелок,,Стрелков,[],1,0.1414213562373095
P01352,Старик,Михайл,Старик Михайла,[],1,0.29142135623730947
P01351,Старик,Кирстен,Старик Кирстен,[],1,0.29142135623730947
P01350,Старик,Гурьев,Старик Гурьев,[],1,0.29142135623730947
P01349,Старик,Гаврило,Старик Гаврило,[],1,0.29142135623730947
P01348,Старик,Болконский,Старик Болконский,[],1,0.29142135623730947
P01346,Станок,,Станок,[],1,0.1414213562373095
P01367,Стран?ный,,Стран?но,[],1,0.1414213562373095
P01369,Строганов,,Строганов,[],1,0.1414213562373095
P01291,Сергей,,Сергей,[],1,0.1414213562373095
P01383,Сын,Божий,Сына Божия,[],1,0.29142135623730947
P01391,Тарелка,,Тарелка,[],1,0.1414213562373095
P01390,Тараска,,Тараску,[],1,0.1414213562373095
P01388,Там,,Там,[],1,0.1414213562373095
P01386,Так,то,Так-то,[],1,0.29142135623730947
P01385,Сюз,,Сюза,[],1,0.1414213562373095
P01384,Сырость,,Сырость,[],1,0.1414213562373095
P01381,Счастливец,Буонапарта,Счастливец Буонапарте,[],1,0.29142135623730947
P01371,Стыд,,Стыда,[],1,0.1414213562373095
P01380,Сцевол,,Сцеволы,[],1,0.1414213562373095
P01379,Сухтельный,,Сухтелен,[],1,0.1414213562373095
P01376,Сундук,,Сундук,[],1,0.1414213562373095
P01374,Сувар,,Сувара,[],1,0.1414213562373095
P01373,Стёрн,,Стерн,[],1,0.1414213562373095
P01372,Стыдно,,Стыдно,[],1,0.1414213562373095
P01345,Стакан,,Стаканов,[],1,0.1414213562373095
P01344,Сражение,,Сраженье,[],1,0.1414213562373095
P01343,Справа,Дмитриевич,Справа Марья Дмитриевна,[],1,0.29142135623730947
P01302,Сидоров!,Сидоров,Сидоров! Сидоров,[],1,0.29142135623730947
P01309,Слава,,Славы,[],1,0.1414213562373095
P01307,Скверный,,Скверно,[],1,0.1414213562373095
P01306,Сион,,Сиона,[],1,0.1414213562373095
P01305,Синь,Борода,Синей Бороде,[],1,0.29142135623730947
P01304,Сила,Андреевич,Силой Андреичем,[],1,0.29142135623730947
P01303,Сила,,Сила,[],1,0.1414213562373095
P01300,Сидеть,,Сиди,[],1,0.1414213562373095
P01342,Справа,,Справа,[],1,0.1414213562373095
P01299,Сивцева,Вражек,Сивцева Вражка,[],1,0.29142135623730947
P01297,Сесть,,Севши,[],1,0.1414213562373095
P01296,Сестра,,Сестра,[],1,0.1414213562373095
P01295,Сержант,,Сержант,[],1,0.1414213562373095
P01294,Сергий,,Сергия,[],1,0.1414213562373095
P01293,Сергей,Вязьмитинов,Сергеем Кузьмичом Вязьмитиновым,[],1,0.29142135623730947
P01311,Слуга,,Слуга,[],1,0.1414213562373095
P01313,Смех,,Смех,[],1,0.1414213562373095
P01314,Смирить,,Смири,[],1,0.1414213562373095
P01315,Смиро,на,Смир-р-р-на,[],1,0.29142135623730947
P01318,Собака,Наташина,Собаки Наташиной,[],1,0.29142135623730947
P01319,Собачка,,Собачка,[],1,0.1414213562373095
P01320,Соболий,,Собольи,[],1,0.1414213562373095
P01321,Советчик,,Советчиков,[],1,0.1414213562373095
P01322,Сокольница,,Сокольница,[],1,0.1414213562373095
P01325,Солнце,,Солнце,[],1,0.1414213562373095
P01328,Сонечка,,Сонечка,[],1,0.1414213562373095
P01331,Соня,племянница,Соня-племянница,[],1,0.29142135623730947
P01332,Сорок,,Сорок,[],1,0.1414213562373095
P01333,Сосюра,,Сосюру,[],1,0.1414213562373095
P01337,Спас,,Спаса,[],1,0.1414213562373095
P01339,Спать,,Спать,[],1,0.1414213562373095
P01341,Спина,Долохов,Спина Долохова,[],1,0.29142135623730947
P00998,Никитенко,,Никитенко,[],1,0.1414213562373095
P00807,М.и.,,М.И.,[],1,0.1414213562373095
P00996,Ни,Соня,Ни Соня,[],1,0.29142135623730947
P00338,Вюртембергский,,Вюртембергских,[],1,0.1414213562373095
P00351,Герб,Конда,Герб Конде,[],1,0.29142135623730947
P00349,Генрих,Iv,Генрих IV,[],1,0.29142135623730947
P00348,Генерал,Милорадович,Генералу Милорадовичу,[],1,0.29142135623730947
P00347,Генерал,Кутузов,Генерал Кутузов,[],1,0.29142135623730947
P00342,Г.в.,,Г.В.,[],1,0.1414213562373095
P00340,Вязьмитин,,Вязьмитинов,[],1,0.1414213562373095
P00339,Вяземский,,Вяземский,[],1,0.1414213562373095
P00337,Выводить,,Выводи,[],1,0.1414213562373095
P00380,Голуховский,,Голуховскому,[],1,0.1414213562373095
P00336,Выбрать,,Выбери,[],1,0.1414213562373095
P00335,Вы,Бог,Вас Бог,[],1,0.29142135623730947
P00333,Вчера,,Вчера,[],1,0.1414213562373095
P00332,Всё,Буонапарта,Все Буонапарте,[],1,0.29142135623730947
P00330,Всевышний,,Всевышний,[],1,0.1414213562373095
P00329,Всадник,,Всадник,[],1,0.1414213562373095
P00328,Врбный,,Врбна,[],1,0.1414213562373095
P00353,Герр,Билибина,Герр фон Билибин,[],1,0.29142135623730947
P00354,Герцог,,Герцог,[],1,0.1414213562373095
P00355,герцог,Линь,герцог де Линь,[],1,0.29142135623730947
P00358,Гирчик,,Гирчик,[],1,0.1414213562373095
P00376,Головнин,,Головнин,[],1,0.1414213562373095
P00374,Голиаф,,Голиаф,[],1,0.1414213562373095
P00373,Гогенлоу,,Гогенлоу,[],1,0.1414213562373095
P00371,Го,го,Го-го-го,[],1,0.29142135623730947
P00370,Гнилопупов,,Гнилопупова,[],1,0.1414213562373095
P00369,Гнилопуп,,Гнилопупов,[],1,0.1414213562373095
P00368,Гм!,,Гм!,[],1,0.1414213562373095
P00367,Глянуть,,Глянь,[],1,0.1414213562373095
P00366,Глупо,,Глупо,[],1,0.1414213562373095
P00365,Глубокий,,Глубок,[],1,0.1414213562373095
P00364,Глинка,,Глинка,[],1,0.1414213562373095
P00363,Глаз,Телянина,Глаза Телянина,[],1,0.29142135623730947
P00362,Глаз,Петя,Глаза Пети,[],1,0.29142135623730947
P00361,Глаз,Кутузов,Глаза Кутузова,[],1,0.29142135623730947
P00360,Глаз,Андрей,Глаза князя Андрея,[],1,0.29142135623730947
P00327,Врать,,Врешь,[],1,0.1414213562373095
P00326,Враг,Сперанский,Враги Сперанского,[],1,0.29142135623730947
P00325,Впереди,,Впереди,[],1,0.1414213562373095
P00292,виконт,Мортемара,виконта де Мортемара,[],1,0.29142135623730947
P00289,Видеть,,Вижу,[],1,0.1414213562373095
P00288,Видать,,Видали,[],1,0.1414213562373095
P00286,Вечор,,Вечор,[],1,0.1414213562373095
P00285,Вечный,,Вечным,[],1,0.1414213562373095
P00284,Ветер,,Ветру,[],1,0.1414213562373095
P00283,Веселие,,Веселье,[],1,0.1414213562373095
P00280,Веретено,,Веретена,[],1,0.1414213562373095
P00279,Вера,Николай,Вере Николаем,[],1,0.29142135623730947
P00278,Вера,Ильич,Вера Ильинична,[],1,0.29142135623730947
P00275,Величество,,Величеством,[],1,0.1414213562373095
P00271,Велеть,,Велел,[],1,0.1414213562373095
P00267,Веймарский,,Веймарских,[],1,0.1414213562373095
P00265,Веsuноff,,Веsuноff,[],1,0.1414213562373095
P00263,Вдруг,,Вдруг,[],1,0.1414213562373095
P00262,Ввечеру,Наташа,Ввечеру Наташа,[],1,0.29142135623730947
P00290,Визави,,Визави,[],1,0.1414213562373095
P00295,Вимпфен,,Вимпфен,[],1,0.1414213562373095
P00324,Вот,Борис,Вот Борису,[],1,0.29142135623730947
P00296,Винесом,,Винесом,[],1,0.1414213562373095
P00323,Вот,,Вот,[],1,0.1414213562373095
P00322,Вороти!,Аль,Вороти! Аль,[],1,0.29142135623730947
P00321,Воробей,,Воробьи,[],1,0.1414213562373095
P00320,Вон,Настя,Вон Настя,[],1,0.29142135623730947
P00319,Вон,Лиза,Вон Лиза,[],1,0.29142135623730947
P00316,Вольтер,,Вольтер,[],1,0.1414213562373095
P00315,Волтор,,Волтора,[],1,0.1414213562373095
P00312,Волкон?ский,,Волкон?ским,[],1,0.1414213562373095
P00309,Вовсе,,Вовсе,[],1,0.1414213562373095
P00308,Внук,,Внука,[],1,0.1414213562373095
P00307,Влодский,,Влодский,[],1,0.1414213562373095
P00302,Витгенштейн,,Витгенштейном,[],1,0.1414213562373095
P00299,Виноватый,,Виноват,[],1,0.1414213562373095
P00298,Вино,,Вино,[],1,0.1414213562373095
P00297,Виниться,,Винюсь,[],1,0.1414213562373095
P00379,Голубчик,Денисов,Голубчик Денисов,[],1,0.29142135623730947
P00381,Гомер,,Гомер,[],1,0.1414213562373095
P00259,Ваш,рука,Ваши руки,[],1,0.29142135623730947
P00457,Дмитрий,Голицын,Князь Дмитрий Голицын,"[{'title': 'князь', 'count': 1}]",1,0.29142135623730947
P00468,Долох,Ростов,Долохов Ростову,[],1,0.29142135623730947
P00467,Долох,Николай,Долохов Николаю,[],1,0.29142135623730947
P00465,Доложить,,Доложи,[],1,0.1414213562373095
P00461,Добродетель,,Добродетель,[],1,0.1414213562373095
P00460,Добро,,Добра,[],1,0.1414213562373095
P00459,Дмитрий,Онуфриевич,Дмитрием Онуфриевичем,[],1,0.29142135623730947
P00458,Дмитрий,Телянина,Дмитрия Михайловича Телянина,[],1,0.29142135623730947
P00456,Дмитрий,Василиевич,Дмитрия Васильевича,[],1,0.29142135623730947
P00385,Горничная,Дуняша,Горничная Дуняша,[],1,0.29142135623730947
P00454,Дитя,,Дитя,[],1,0.1414213562373095
P00452,Диммлер,,Диммлером,[],1,0.1414213562373095
P00451,Димлера,,Димлер,[],1,0.1414213562373095
P00450,Диана,,Дианой,[],1,0.1414213562373095
P00449,Дерзать,,Дерзаю,[],1,0.1414213562373095
P00447,Деньга,,Денег,[],1,0.1414213562373095
P00446,Денисов,Никита,Денисов Никите,[],1,0.29142135623730947
P00471,Дом,,Дом,[],1,0.1414213562373095
P00472,Дом,Конда,Дом Конде,[],1,0.29142135623730947
P00473,Дон,,Дона,[],1,0.1414213562373095
P00474,Досадный,,Досадно,[],1,0.1414213562373095
P00501,Дьякон,,Дьякон,[],1,0.1414213562373095
P00500,Дьявол,,Дьявол,[],1,0.1414213562373095
P00498,Душегубство,,Душегубство,[],1,0.1414213562373095
P00497,Душевно,,Душевно,[],1,0.1414213562373095
P00496,Дух,Святой,Дух Святой,[],1,0.29142135623730947
P00495,Дурь,,Дурь,[],1,0.1414213562373095
P00493,Дурной,,Дурна,[],1,0.1414213562373095
P00491,Дура,,Дура,[],1,0.1414213562373095
P00489,Дубинка,,Дубинку,[],1,0.1414213562373095
P00488,Дружочек,,Дружочек,[],1,0.1414213562373095
P00484,Дронушка,,Дронушкой,[],1,0.1414213562373095
P00483,Дрон,Захарыч,Дрон Захарыч,[],1,0.29142135623730947
P00481,Дрожать,,Дрожащий,[],1,0.1414213562373095
P00478,Драгунский,,Драгунский,[],1,0.1414213562373095
P00477,Драгун,,Драгуны,[],1,0.1414213562373095
P00444,Демосфен,,Демосфен,[],1,0.1414213562373095
P00443,Дежурный,флигель,Дежурный флигель,[],1,0.29142135623730947
P00442,Девчонка,,Девчонка,[],1,0.1414213562373095
P00414,Грудь,,Грудь,[],1,0.1414213562373095
P00412,Грех,,Грех,[],1,0.1414213562373095
P00410,графиня,Ростовый,графине Ростовой,[],1,0.29142135623730947
P00408,графиня,Наташа,графиня Наташа,[],1,0.29142135623730947
P00407,графиня,Лович,графиней Лович,[],1,0.29142135623730947
P00405,Графиня,Апраксин,Графиня Апраксина,[],1,0.29142135623730947
P00404,Графиня,Безухов,Графиня Алена Васильевна Безухова,[],1,0.29142135623730947
P00403,Графиня,Василиевич,Графиня Алена Васильевна,[],1,0.29142135623730947
P00399,граф,Жермен,графом Сен-Жерменом,[],1,0.29142135623730947
P00396,Готовый,,Готово,[],1,0.1414213562373095
P00394,Государыня,,Государыня,[],1,0.1414213562373095
P00392,Гостиерадек,,Гостиерадека,[],1,0.1414213562373095
P00391,Господь,великий,Господи великий,[],1,0.29142135623730947
P00389,Господин,Питта,Господин Питт,[],1,0.29142135623730947
P00388,Господин,Веаussеt,Господин Веаussеt,[],1,0.29142135623730947
P00386,Горячо,,Горячо,[],1,0.1414213562373095
P00413,Гришка,,Гришка,[],1,0.1414213562373095
P00415,Грузинский,,Грузинской,[],1,0.1414213562373095
P00439,де,Норбонн,Граф де Норбонн,"[{'title': 'граф', 'count': 1}]",1,0.29142135623730947
P00416,Грустно,,Грустно,[],1,0.1414213562373095
P00437,де,Жанлис,мадам де Жанлис,"[{'title': 'мадам', 'count': 1}]",1,0.29142135623730947
P00436,Дворянин,,Дворянин,[],1,0.1414213562373095
P00433,Даром,,Даром,[],1,0.1414213562373095
P00430,Данидка,,Данидки,[],1,0.1414213562373095
P00429,Дама,,Дама,[],1,0.1414213562373095
P00428,Давно,,Давно,[],1,0.1414213562373095
P00427,Давать,,Давай,[],1,0.1414213562373095
P00425,Гёте,,Гете,[],1,0.1414213562373095
P00424,Гусарский,,Гусарский,[],1,0.1414213562373095
P00423,Гусаров,,Гусаров,[],1,0.1414213562373095
P00421,Гурьев,,Гурьева,[],1,0.1414213562373095
P00420,Гул,,Гул,[],1,0.1414213562373095
P00419,Гувернёр,,Гувернер,[],1,0.1414213562373095
P00418,Губка,Лиза,Губка Лизы,[],1,0.29142135623730947
P00417,Губа,,Губа,[],1,0.1414213562373095
P00260,Вблизи,,Вблизи,[],1,0.1414213562373095
P00257,Вахмистр,,Вахмистр,[],1,0.1414213562373095
P00503,Дюренштейн,,Дюренштейна,[],1,0.1414213562373095
P00068,Андрей,Алпатыкать,Андрей Алпатычу,[],1,0.29142135623730947
P00077,Андрей,Пьер,Андрей Пьеру,[],1,0.29142135623730947
P00076,Андрей,Наташа,Андрей при Наташе,[],1,0.29142135623730947
P00075,Андрей,Отрадный,Андрею Отрадное,[],1,0.29142135623730947
P00074,Андрей,Болконский,Андрея Николаевича Болконского,[],1,0.29142135623730947
P00072,Андрей,Несвицкий,Андрею Несвицкий,[],1,0.29142135623730947
P00071,Андрей,Ростовый,Андрея на младшей Ростовой,[],1,0.29142135623730947
P00069,Андрей,Болкон?ский,Андрей Болкон?ский,[],1,0.29142135623730947
P00066,Андреевский,,Андреевским,[],1,0.1414213562373095
P00114,Аттила,,Аттила,[],1,0.1414213562373095
P00065,Англичанин,,Англичанин,[],1,0.1414213562373095
P00063,Анатоль,Пьер,Анатоль Пьеру,[],1,0.29142135623730947
P00060,Анатолъ,,Анатолъ,[],1,0.1414213562373095
P00059,Анатолий,Курагина,Анатолий Курагин,[],1,0.29142135623730947
P00055,Амелия,,Амелии,[],1,0.1414213562373095
P00054,Амели,Карлович,Амели Карловной,[],1,0.29142135623730947
P00053,Амели,,Амели,[],1,0.1414213562373095
P00078,Андрей,Севастьянович,Андрей Севастьяныч,[],1,0.29142135623730947
P00079,Андрей,сухо,Андрей сухо,[],1,0.29142135623730947
P00081,Андрея.,Толстый,Андрея. Толстый,[],1,0.29142135623730947
P00084,Анисим,,Анисима,[],1,0.1414213562373095
P00112,Архаров,,Архаровых,[],1,0.1414213562373095
P00111,Арнаут,,Арнауты,[],1,0.1414213562373095
P00110,Армфелёд,,Армфельдов,[],1,0.1414213562373095
P00108,Армия,,Армия,[],1,0.1414213562373095
P00107,Аринк,,Аринка,[],1,0.1414213562373095
P00106,Арап,,Арап,[],1,0.1414213562373095
P00104,Апшеронец,,Апшеронцы,[],1,0.1414213562373095
P00102,Апостол,,Апостолов,[],1,0.1414213562373095
P00101,Антонов,,Антонов,[],1,0.1414213562373095
P00100,Антихрист,,Антихриста,[],1,0.1414213562373095
P00099,Анненский,,Анненскую,[],1,0.1414213562373095
P00096,Анне,Дмитриевич,Анне Дмитриевне,[],1,0.29142135623730947
P00092,Анна,Пьер,Анна Михайловна Пьера,[],1,0.29142135623730947
P00089,Анна,Дмитриевич,Анны Дмитриевны,[],1,0.29142135623730947
P00085,Анисьюшка,,Анисьюшка,[],1,0.1414213562373095
P00052,Амбар,,Амбар,[],1,0.1414213562373095
P00051,Амалия,Фёдорович,Амалию Федоровну,[],1,0.29142135623730947
P00050,Амалия,,Амалия,[],1,0.1414213562373095
P00023,Ай,Купор,Ай да Данила Купор,[],1,0.29142135623730947
P00020,Адонирам,,Адонирама,[],1,0.1414213562373095
P00019,Адонир,,Адонирам,[],1,0.1414213562373095
P00018,Адонай,,Адонаи,[],1,0.1414213562373095
P00017,Адам,Чарторижский,Адама Чарторижского,[],1,0.29142135623730947
P00016,Адам,Чарториж?ский,Адам Чарториж?ский,[],1,0.29142135623730947
P00015,Адам,,Адама,[],1,0.1414213562373095
P00014,Австрияк,,Австрияк,[],1,0.1414213562373095
P00013,Австриец,,Австриец,[],1,0.1414213562373095
P00012,Авангард,,Авангарду,[],1,0.1414213562373095
P00011,Абеляра,,Абеляр,[],1,0.1414213562373095
P00010,А.чарторижский,,А.Чарторижского,[],1,0.1414213562373095
P00008,А,Лиза,А Лиза,[],1,0.29142135623730947
P00007,Vаtеrlаnd',,Vаtеrlаnd'а,[],1,0.1414213562373095
P00006,Nароlеоn,,Nароlеоn,[],1,0.1414213562373095
P00005,Nароljоn,,NароlJоn,[],1,0.1414213562373095
P00021,Адриян,,Адрияна,[],1,0.1414213562373095
P00024,Ай,Николай,Ай да Николай,[],1,0.29142135623730947
P00049,Алёна,Василиевич,Аленой Васильевной,[],1,0.29142135623730947
P00025,"Ай,",Ду,"Ай, Ду",[],1,0.29142135623730947
P00048,Альфонс,Карлович,Альфонс Карлович,[],1,0.29142135623730947
P00047,Алсуфьев,дом,Алсуфьева дома,[],1,0.29142135623730947
P00046,Алпатычев,,Алпатычева,[],1,0.1414213562373095
P00043,Алкид,,Алкидов,[],1,0.1414213562373095
P00041,Али,,Али,[],1,0.1414213562373095
P00040,Аленин,,Аленина,[],1,0.1414213562373095
P00039,Ален,Василиевич,Алена Васильевна,[],1,0.29142135623730947
P00038,Алексей,Увар,Алексей Уваров,[],1,0.29142135623730947
P00037,Александров,,Александров,[],1,0.1414213562373095
P00036,Александра?,,Александра?,[],1,0.1414213562373095
P00035,Александр,Первый,Александра Первого,[],1,0.29142135623730947
P00030,Алек?сандра,,Алек?сандра,[],1,0.1414213562373095
P00029,Але,,Але,[],1,0.1414213562373095
P00028,Акушер,,Акушер,[],1,0.1414213562373095
P00027,Акулька,,Акулькой,[],1,0.1414213562373095
P00113,Астрей,,Астрея,[],1,0.1414213562373095
P00117,Ауерштет,,Ауерштетом,[],1,0.1414213562373095
P00256,Вася,,Вася,[],1,0.1414213562373095
P00207,Борис,Николаевич,Борис Николаич,[],1,0.29142135623730947
P00216,Бородино,,Бородино,[],1,0.1414213562373095
P00214,Борода,,Борода,[],1,0.1414213562373095
P00213,Бориса.,Борис,Бориса. Борис,[],1,0.29142135623730947
P00212,Борис.,Ростов,Борис. Ростов,[],1,0.29142135623730947
P00211,Борис,экосез,Бориса экосез,[],1,0.29142135623730947
P00209,Борис,Ростовый,Бориса с Ростовым,[],1,0.29142135623730947
P00208,Борис,Наташа,Борис с Наташей,[],1,0.29142135623730947
P00203,Боренька,,Бореньке,[],1,0.1414213562373095
P00121,Ауэрсперг,Маутёрн,Ауэрсперг фон Маутерн,[],1,0.29142135623730947
P00202,Боренек,,Боренька,[],1,0.1414213562373095
P00200,Бондарчук,,Бондарчук,[],1,0.1414213562373095
P00197,Большой,весельчак,Большой весельчак,[],1,0.29142135623730947
P00195,Боль,,Боль,[],1,0.1414213562373095
P00194,Болтать,,Болтая,[],1,0.1414213562373095
P00193,Болото,,Болота,[],1,0.1414213562373095
P00192,Болконский,император,Болконский императора,[],1,0.29142135623730947
P00219,Боярин,,Бояре,[],1,0.1414213562373095
P00224,Брунов,,Брунове,[],1,0.1414213562373095
P00225,Брыков,,Брыков,[],1,0.1414213562373095
P00227,Брюнном,,Брюнном,[],1,0.1414213562373095
P00253,Василья,,Василье,[],1,0.1414213562373095
P00252,Васило,,Василья,[],1,0.1414213562373095
P00250,Василий,Пушкин,Василий Пушкин,[],1,0.29142135623730947
P00249,Василий,Ипполит,Василия Ипполит,[],1,0.29142135623730947
P00248,Василий,Игнатьич,Василий Игнатьич,[],1,0.29142135623730947
P00247,Василий,Денисов,Василии Денисове,[],1,0.29142135623730947
P00246,Василий,Михаилович,Василий Анне Михайловне,[],1,0.29142135623730947
P00244,Ванька,,Ваньку,[],1,0.1414213562373095
P00242,Валить,,Вали,[],1,0.1414213562373095
P00240,Бурьёнок,,Бурьенку,[],1,0.1414213562373095
P00239,Бурьенна,,Бурьенн,[],1,0.1414213562373095
P00233,Буонапарт,,Буонапартом,[],1,0.1414213562373095
P00232,Бумага,Денисов,Бумагу Денисова,[],1,0.29142135623730947
P00229,Буксгевден,,Буксгевденом,[],1,0.1414213562373095
P00228,Букарешт,,Букарешт,[],1,0.1414213562373095
P00190,Болеть,,Болит,[],1,0.1414213562373095
P00189,Боком,,Боком,[],1,0.1414213562373095
P00188,Бойко,,Бойко,[],1,0.1414213562373095
P00147,Бедняжка,,Бедняжка,[],1,0.1414213562373095
P00144,Басовый,,Басовым,[],1,0.1414213562373095
P00143,Барышня,,Барышня,[],1,0.1414213562373095
P00142,Барчонок,,Барчонка,[],1,0.1414213562373095
P00141,барон,Функа,барона Функе,[],1,0.29142135623730947
P00138,Баркаролла,,Баркаролла,[],1,0.1414213562373095
P00136,Банк,,Банк,[],1,0.1414213562373095
P00134,Баланс,,Баланс,[],1,0.1414213562373095
P00133,Бал,,Бал,[],1,0.1414213562373095
P00131,Багратионов,,Багратионова,[],1,0.1414213562373095
P00130,Багратион,Ростов,Багратиона Ростов,[],1,0.29142135623730947
P00127,Ахросимов,,Ахросимовых,[],1,0.1414213562373095
P00126,Ахиллесов,,Ахиллесова,[],1,0.1414213562373095
P00125,Ах!,,Ах!,[],1,0.1414213562373095
P00124,Ах,да,Ах да,[],1,0.29142135623730947
P00123,Афишка,,Афишки,[],1,0.1414213562373095
P00146,Бедный,Вязьмитин,Бедный Вязьмитинов,[],1,0.29142135623730947
P00152,Бельэтаж,,Бельэтаж,[],1,0.1414213562373095
P00187,Божий,мать,Божьей матери,[],1,0.29142135623730947
P00153,Бельяр,,Бельяр,[],1,0.1414213562373095
P00184,Богучаровый,,Богучаровом,[],1,0.1414213562373095
P00182,Богучаров,,Богучарова,[],1,0.1414213562373095
P00178,Бо?напарта,,Бо?напарту,[],1,0.1414213562373095
P00177,Бледный,Николай,Бледный Николай,[],1,0.29142135623730947
P00176,Бланкара,,Бланкара,[],1,0.1414213562373095
P00175,Благообразный,,Благообразный,[],1,0.1414213562373095
P00172,Благовещен?ский,,Благовещен?ский,[],1,0.1414213562373095
P00171,Бицкома,,Бицкому,[],1,0.1414213562373095
P00167,Билибина,Болконский,Билибин тихо Болконскому,[],1,0.29142135623730947
P00165,Бессьер,,Бессьер,[],1,0.1414213562373095
P00163,Бернадот,,Бернадоту,[],1,0.1414213562373095
P00158,Бенигсена,Ростов,Бенигсена Ростов,[],1,0.29142135623730947
P00156,Бенигсен,,Бенигсенов,[],1,0.1414213562373095
P00155,Бенефис,,Бенефисы,[],1,0.1414213562373095
P00154,Бельярый,,Бельяром,[],1,0.1414213562373095
P00502,Дьячок,,Дьячок,[],1,0.1414213562373095
P00504,Дюссекова,,Дюссековой,[],1,0.1414213562373095
P00994,Нетерпеливый,Наташа,Нетерпеливая Наташа,[],1,0.29142135623730947
P00830,Мама,Соня,Мам Соня,[],1,0.29142135623730947
P00843,Марс,,Марса,[],1,0.1414213562373095
P00841,Маркиз,Паулучить,Маркиз Паулучи,[],1,0.29142135623730947
P00837,Марго,,Марго,[],1,0.1414213562373095
P00836,Манифест,,Манифеста,[],1,0.1414213562373095
P00835,Мамонтовый,,Мамонтовы,[],1,0.1414213562373095
P00833,Мамонов,,Мамонов,[],1,0.1414213562373095
P00831,Маман,,Маман,[],1,0.1414213562373095
P00829,Мама,Графиня,Мам Графиня,[],1,0.29142135623730947
P00877,Мачеха,,Мачеха,[],1,0.1414213562373095
P00827,Мам<,,Мам<,[],1,0.1414213562373095
P00826,Мальчишка,,Мальчишка,[],1,0.1414213562373095
P00825,Мальчик,,Мальчик,[],1,0.1414213562373095
P00823,Малодушно,,Малодушно,[],1,0.1414213562373095
P00821,Макку,,Макку,[],1,0.1414213562373095
P00820,Маккома,,Макком,[],1,0.1414213562373095
P00816,Макатюк,,Макатюк,[],1,0.1414213562373095
P00844,Марфа,Фёдорович,Марфа Федоровна,[],1,0.29142135623730947
P00847,Марь,Антонович,Марью Антоновну,[],1,0.29142135623730947
P00850,Марь,Ахросимов,Марью Дмитриевну Ахросимову,[],1,0.29142135623730947
P00851,Марь,Михаилович,Марью Михайловну,[],1,0.29142135623730947
P00873,Матрёшка,,Матрешки,[],1,0.1414213562373095
P00872,Матреш,,Матреше,[],1,0.1414213562373095
P00871,Матвеевич,,Матвевна,[],1,0.1414213562373095
P00870,Матвевич,,Матвевной,[],1,0.1414213562373095
P00869,Масон,,Масоны,[],1,0.1414213562373095
P00868,Марья,Эмилиевич,Марьей Эмильевной,[],1,0.29142135623730947
P00867,Марья,Фёдорович,Марьи Федоровны,[],1,0.29142135623730947
P00866,Марья,Николаевич,Марья Николаевна,[],1,0.29142135623730947
P00865,Марья,Карагина,Марья Львовна Карагина,[],1,0.29142135623730947
P00864,Марья,Львович,Марья Львовна,[],1,0.29142135623730947
P00863,Марья,Перонский,Марья Игнатьевна Перонская,[],1,0.29142135623730947
P00859,Марья,Ахросимов,Марья Дмитриевна Ахросимова,[],1,0.29142135623730947
P00856,Марья,Викторович,Марьи Викторовны,[],1,0.29142135623730947
P00854,Марья,Нарышкин,Марьей Антоновной Нарышкиной,[],1,0.29142135623730947
P00853,Марья,Антонович,Марье Антоновне,[],1,0.29142135623730947
P00815,Майор,Денисов,Майор Денисов,[],1,0.29142135623730947
P00814,Мадемуазель,Натали,Мадемуазель Натали,[],1,0.29142135623730947
P00811,Мадам,,Мадам,[],1,0.1414213562373095
P00780,Лицо,Козловский,Лицо Козловского,[],1,0.29142135623730947
P00778,Лицо,княжна,Лицо княжны,[],1,0.29142135623730947
P00777,Лицо,княгиня,Лицо княгини,[],1,0.29142135623730947
P00776,Лицо,Долохов,Лицо Долохова,[],1,0.29142135623730947
P00775,Лицо,Денисов,Лицо Денисова,[],1,0.29142135623730947
P00773,Лихтенштейн,,Лихтенштейн,[],1,0.1414213562373095
P00772,Лихтенфельс,,Лихтенфельс,[],1,0.1414213562373095
P00771,Лихтен?штейн,,Лихтен?штейна,[],1,0.1414213562373095
P00770,Лихорадочный,,Лихорадочные,[],1,0.1414213562373095
P00769,Линия,,Линии,[],1,0.1414213562373095
P00768,Лимонад,,Лимонад,[],1,0.1414213562373095
P00767,Лизавета,Карлович,Княгиня Лизавета Карловна,"[{'title': 'княгиня', 'count': 1}]",1,0.29142135623730947
P00766,Лиза?,Свести,Лиза? Сведи,[],1,0.29142135623730947
P00765,Лиза,Мейнный,Лизе Мейнен,[],1,0.29142135623730947
P00764,Лиза,Болконский,Лизы Болконской,[],1,0.29142135623730947
P00762,Лиз,,Лиз,[],1,0.1414213562373095
P00779,Лицо,Андрей,Лицо князя Андрея,[],1,0.29142135623730947
P00781,Лицо,Кутузов,Лицо Кутузова,[],1,0.29142135623730947
P00809,Мавра,Кондратиевич,Маврой Кондратьевной,[],1,0.29142135623730947
P00782,Лицо,Наполеон,Лицо Наполеона,[],1,0.29142135623730947
P00002,dе,Веаussеt,dе Веаussеt,[],1,0.29142135623730947
P00806,М.а.нарышкин,,М.А.Нарышкиной,[],1,0.1414213562373095
P00803,Лядовский,,Лядовской,[],1,0.1414213562373095
P00801,Людовик,Хiv,Людовика ХIV,[],1,0.29142135623730947
P00800,Любомирский,,Любомирский,[],1,0.1414213562373095
P00797,Лысый,Гора,Лысым Горам,[],1,0.29142135623730947
P00796,Лошадь,Пьер,Лошадь Пьера,[],1,0.29142135623730947
P00795,Лошадь,Бондарчук,Лошадь Бондарчука,[],1,0.29142135623730947
P00791,Лорд,Пит,Лорд Пит,[],1,0.29142135623730947
P00790,лорд,Невиль,лорда Невиля,[],1,0.29142135623730947
P00788,Ложиться,,Ложусь,[],1,0.1414213562373095
P00787,Ложа,Элен,Ложа Элен,[],1,0.29142135623730947
P00786,Ловко,,Ловко,[],1,0.1414213562373095
P00785,Лоб,,Лоб,[],1,0.1414213562373095
P00784,Лицо,Пьер,Лицо Пьера,[],1,0.29142135623730947
P00875,Матушка,Смоленский,Матушку Смоленскую,[],1,0.29142135623730947
P00879,Машкина,,Машкин,[],1,0.1414213562373095
P00760,Лемарруа,,Лемарруа,[],1,0.1414213562373095
P00953,Наполеон,Бонапарт,Наполеон Бонапарт,[],1,0.29142135623730947
P00967,Наталья,Ростов,Наталью Ростову,[],1,0.29142135623730947
P00965,Наталья,Ильинишный,Наталья Ильинишна,[],1,0.29142135623730947
P00963,Натали,Ростов,Натали Ростова,[],1,0.29142135623730947
P00962,Натали,З.,Натали З.,[],1,0.29142135623730947
P00958,Настасья,Дмитриевич,Настасьи Дмитриевны,[],1,0.29142135623730947
P00955,Наполеонов,,Наполеонова,[],1,0.1414213562373095
P00954,Наполеон,Тьер,Наполеона Тьер,[],1,0.29142135623730947
P00952,Наполеон,Балашов,Наполеона Балашов,[],1,0.29142135623730947
P00880,Медведев!,Багратион,Медведев! Багратион,[],1,0.29142135623730947
P00950,Намедни,,Намедни,[],1,0.1414213562373095
P00948,Наказывать,,Наказываемый,[],1,0.1414213562373095
P00947,Найти,,Нашел,[],1,0.1414213562373095
P00946,Надуть,,Надул,[],1,0.1414213562373095
P00945,Надобный,,Надобно,[],1,0.1414213562373095
P00944,Надо,,Надо,[],1,0.1414213562373095
P00942,Н.ростов,,Н.Ростова,[],1,0.1414213562373095
P00968,Наташ?,Наташа,Наташ? Наташа,[],1,0.29142135623730947
P00970,Наташа,Андрей,Наташи Андрею,[],1,0.29142135623730947
P00971,Наташа,Николай,Наташу Николай,[],1,0.29142135623730947
P00972,Наташа,Ростов,Наташу Ростову,[],1,0.29142135623730947
P00993,Нет,Бонапарт,Нет Бонапарте,[],1,0.29142135623730947
P00990,Несвицкий,Денисов,Несвицкий Денисову,[],1,0.29142135623730947
P00988,Несвитский,,Несвитского,[],1,0.1414213562373095
P00986,Немец,Палить,Немца Палена,[],1,0.29142135623730947
P00984,Неман,,Неман,[],1,0.1414213562373095
P00983,Неловко,,Неловко,[],1,0.1414213562373095
P00982,Неверовский,,Неверовского,[],1,0.1414213562373095
P00981,Неверов?ский,,Неверов?ского,[],1,0.1414213562373095
P00980,Неаполитанский,,Неаполитанский,[],1,0.1414213562373095
P00979,Не,Сперанский,Не Сперанский,[],1,0.29142135623730947
P00978,Наш,Курагина,Наш Ипполит Курагин,[],1,0.29142135623730947
P00977,Наш,Богданыч,Наш Богданыч,[],1,0.29142135623730947
P00976,Находчивый,,Находчивый,[],1,0.1414213562373095
P00975,Наука,,Науки,[],1,0.1414213562373095
P00974,Наташка,,Наташка,[],1,0.1414213562373095
P00941,Н,Ц,Н Е Ц,[],1,0.29142135623730947
P00940,Мюратом,,Мюратом,[],1,0.1414213562373095
P00938,Мы,,Нам,[],1,0.1414213562373095
P00908,Михаил,Онуфриевич,Михаил Онуфриевич,[],1,0.29142135623730947
P00906,Михаил,Михаилович,Михаила Михайловича,[],1,0.29142135623730947
P00904,Михаил,Кирилыч,Михаил Кирилыч,[],1,0.29142135623730947
P00903,Михаил,Кутузов,Михаилом Илларионовичем Кутузовым,[],1,0.29142135623730947
P00902,Михаил,Илларионович,Михаилу Илларионовичу,[],1,0.29142135623730947
P00900,Михаил,,Михаиле,[],1,0.1414213562373095
P00899,Митька,Копыл,Митька Копыл,[],1,0.29142135623730947
P00896,Министр,Штейн,Министр Штейн,[],1,0.29142135623730947
P00894,Милый,Амелия,Милая Амелия,[],1,0.29142135623730947
P00887,Месье,Долох,Месье Долохов,[],1,0.29142135623730947
P00886,Месье,Денисов,Месье Денисов,[],1,0.29142135623730947
P00885,Меркурий,,Меркурий,[],1,0.1414213562373095
P00884,Мерзко,,Мерзко,[],1,0.1414213562373095
P00883,Мелькнуть,,Мелькнут,[],1,0.1414213562373095
P00882,Мелион,,Мелион,[],1,0.1414213562373095
P00881,Меланхолия,,Меланхолии,[],1,0.1414213562373095
P00907,Михаил,Никанорович,Михаил Никанорович,[],1,0.29142135623730947
P00909,Михаил,Павлович,Михаила Павловича,[],1,0.29142135623730947
P00937,Муругий,,Муругий,[],1,0.1414213562373095
P00910,Михаил,Сидорович,Михаил-то Сидорыч,[],1,0.29142135623730947
P00936,Мурильо,,Мурильо,[],1,0.1414213562373095
P00935,Мука,,Муки,[],1,0.1414213562373095
P00934,Мужчина,,Мужчина,[],1,0.1414213562373095
P00931,Муж,,Мужа,[],1,0.1414213562373095
P00928,Моро!,Моро,Моро! Моро,[],1,0.29142135623730947
P00924,Монах,,Монахи,[],1,0.1414213562373095
P00922,Молча,,Молча,[],1,0.1414213562373095
P00921,Молодчина,,Молодчина,[],1,0.1414213562373095
P00920,Молодой,княгиня,Молодая княгиня,[],1,0.29142135623730947
P00919,Молодой,Друбецкий,Молодой Друбецкой,[],1,0.29142135623730947
P00918,Молиться,,Молись,[],1,0.1414213562373095
P00917,Молитен,,Молитеном,[],1,0.1414213562373095
P00916,Мой,,Мои,[],1,0.1414213562373095
P00914,Михельсон,,Михельсона,[],1,0.1414213562373095
P00913,Михайл,Кутузов,Михайле Кутузову,[],1,0.29142135623730947
P00761,Либо,,Либо,[],1,0.1414213562373095
P00759,Лейба,Вилья,Лейб-медик Вилье,[],1,0.29142135623730947
P00505,Дяденька,,Дяденька,[],1,0.1414213562373095
P00579,Здоровый,,Здорова,[],1,0.1414213562373095
P00589,Знать,,Знай,[],1,0.1414213562373095
P00587,Злодей,,Злодей,[],1,0.1414213562373095
P00586,Зинаида,Дмитриевич,Зинаиды Дмитриевны,[],1,0.29142135623730947
P00585,Зима,,Зиму,[],1,0.1414213562373095
P00584,Зикина,,Зикин,[],1,0.1414213562373095
P00581,Здравствуйте,,Здравствуйте,[],1,0.1414213562373095
P00580,Здоровый,Билибина,Здоров господин Билибин,[],1,0.29142135623730947
P00578,Здорово,,Здорово,[],1,0.1414213562373095
P00626,Кавалергард,,Кавалергард,[],1,0.1414213562373095
P00577,Заяц,,Заяц,[],1,0.1414213562373095
P00576,Зачем,Бонапарт,Зачем Бонапарт,[],1,0.29142135623730947
P00575,Захарчёнок,,Захарченком,[],1,0.1414213562373095
P00574,Захар?,Просить,Захар? Проси,[],1,0.29142135623730947
P00573,Захар,Никодимович,Захар Никодимыч,[],1,0.29142135623730947
P00572,Захар,извозчик,Захар-извозчик,[],1,0.29142135623730947
P00570,Засека,,Засеке,[],1,0.1414213562373095
P00590,Золотой,,Золотой,[],1,0.1414213562373095
P00592,И.,Многое,И. Многое,[],1,0.29142135623730947
P00593,И.г.дуров,,И.Г.Дурова,[],1,0.1414213562373095
P00594,Иван,,Иван,[],1,0.1414213562373095
P00622,Итак,,Итак,[],1,0.1414213562373095
P00621,Ирина,Яковлевич,Ириной Яковлевной,[],1,0.29142135623730947
P00620,Ипполит,Курагина,Ипполит Курагин,[],1,0.29142135623730947
P00618,Иосиф,Поздеев,Иосифа Алексеевича Поздеева,[],1,0.29142135623730947
P00616,Иогель,,Иогель,[],1,0.1414213562373095
P00615,Иоанн,Грозный,Иоанне Грозном,[],1,0.29142135623730947
P00614,Императрица,,Императрица,[],1,0.1414213562373095
P00611,Илья,Ростов,Илья Ростов,[],1,0.29142135623730947
P00606,Ильин,Лаврушка,Ильину Лаврушка,[],1,0.29142135623730947
P00604,Или,,Или,[],1,0.1414213562373095
P00601,Избавить,Бог,Избави Бог,[],1,0.29142135623730947
P00600,Из,Ольмюца,Из Ольмюца,[],1,0.29142135623730947
P00599,Иена,,Иеной,[],1,0.1414213562373095
P00596,Иван,Лукич,Иван Лукич,[],1,0.29142135623730947
P00595,Иван,Болконский,Иваном Болконским,[],1,0.29142135623730947
P00569,Запах,,Запах,[],1,0.1414213562373095
P00568,Замысел,,Замысел,[],1,0.1414213562373095
P00567,Замолчать,,Замолчи,[],1,0.1414213562373095
P00534,Желание,,Желанья,[],1,0.1414213562373095
P00532,Жарко,,Жарко,[],1,0.1414213562373095
P00531,Жаль,,Жаль,[],1,0.1414213562373095
P00530,Жалко,,Жалко,[],1,0.1414213562373095
P00527,Ерёма,,Ерема,[],1,0.1414213562373095
P00524,Ерзоя,,Ерзой,[],1,0.1414213562373095
P00522,Елизавета,,Елизаветы,[],1,0.1414213562373095
P00519,Екатерининский,,Екатерининского,[],1,0.1414213562373095
P00516,Езжать,,Езжал,[],1,0.1414213562373095
P00515,Ежели,Пруссия,Ежели Пруссия,[],1,0.29142135623730947
P00514,Ежели,Николя,Ежели Николя,[],1,0.29142135623730947
P00513,Ежели,Сперанский,Ежели бы Сперанский,[],1,0.29142135623730947
P00512,Ежели,Бонапарт,Ежели бы Бонапарт,[],1,0.29142135623730947
P00509,Егор,,Егора,[],1,0.1414213562373095
P00508,Евстратович,,Евстратовичу,[],1,0.1414213562373095
P00507,Евгений,Вюртембергский,Евгения Вюртембергского,[],1,0.29142135623730947
P00533,Ждать,,Жди,[],1,0.1414213562373095
P00536,Жена,Митенька,Жена Митеньки,[],1,0.29142135623730947
P00564,Заехать,,Заедемте,[],1,0.1414213562373095
P00537,Жениться,,Женись,[],1,0.1414213562373095
P00561,Завещание,,Завещание,[],1,0.1414213562373095
P00560,Заветный,,Заветного,[],1,0.1414213562373095
P00559,Жюли.,Р.s.,Жюли. Р.S.,[],1,0.29142135623730947
P00556,Жюли,Берг,Жюли Бергу,[],1,0.29142135623730947
P00553,Жуков,,Жукова,[],1,0.1414213562373095
P00552,Жубер,,Жубера,[],1,0.1414213562373095
P00551,Жорж,Кадудалить,Жоржа Кадудаля,[],1,0.29142135623730947
P00549,Жозефина,Богарне,Жозефина Богарне,[],1,0.29142135623730947
P00548,Жозефа,Местр,Жозефа Местра,[],1,0.29142135623730947
P00547,Житие,,Жития,[],1,0.1414213562373095
P00546,Живо,,Живо,[],1,0.1414213562373095
P00545,Жест,,Жест,[],1,0.1414213562373095
P00543,Жерковы,Болконский,Жерков Болконскому,[],1,0.29142135623730947
P00539,Жерар,,Жераром,[],1,0.1414213562373095
P00538,Женщина,Долох,Женщинам Долохов,[],1,0.29142135623730947
P00624,Ищущий,Манна,Ищущих Манны,[],1,0.29142135623730947
P00627,Кавалерия,,Кавалерия,[],1,0.1414213562373095
P00758,Лев,Нарышкин,Льва Кирилловича Нарышкина,[],1,0.29142135623730947
P00711,Красавец,,Красавец,[],1,0.1414213562373095
P00721,Круто,,Круто,[],1,0.1414213562373095
P00720,Кровный,,Кровный,[],1,0.1414213562373095
P00718,Кремс,,Кремса,[],1,0.1414213562373095
P00717,Краснеть,,Краснеет,[],1,0.1414213562373095
P00715,Красивый,Вера,Красивая Вера,[],1,0.29142135623730947
P00713,Красавица,,Красавицы,[],1,0.1414213562373095
P00712,Красавец,Анатоль,Красавец Анатоль,[],1,0.29142135623730947
P00710,Кошечка,,Кошечка,[],1,0.1414213562373095
P00628,Кавелина,,Кавелина,[],1,0.1414213562373095
P00707,Который,,Которого,[],1,0.1414213562373095
P00706,Корнет,,Корнет,[],1,0.1414213562373095
P00705,Корнель,,Корнель,[],1,0.1414213562373095
P00703,Коренной,,Коренной,[],1,0.1414213562373095
P00702,Конь,,Конь,[],1,0.1414213562373095
P00701,Кончать,,Кончаю,[],1,0.1414213562373095
P00697,Командир,рота,Командира к генералу! Третьей роты,[],1,0.29142135623730947
P00724,Кто,то,Кто-то,[],1,0.29142135623730947
P00725,Ку?туз,,Ку?тузов,[],1,0.1414213562373095
P00726,Ку?тузов,,Ку?тузова,[],1,0.1414213562373095
P00727,Куда,,Куды,[],1,0.1414213562373095
P00757,Лев,Кириллович,Льва Кирилловича,[],1,0.29142135623730947
P00756,Лафатер,,Лафатер,[],1,0.1414213562373095
P00755,Лаудон,,Лаудона,[],1,0.1414213562373095
P00754,Ласковый,,Ласковый,[],1,0.1414213562373095
P00750,Лакей,Ростовый,Лакеи Ростовых,[],1,0.29142135623730947
P00748,Лазутчик,,Лазутчик,[],1,0.1414213562373095
P00746,Лаврушка!,Вязать,Лаврушка! Вяжи,[],1,0.29142135623730947
P00745,Лаврушка,Ростов,Лаврушка Ростову,[],1,0.29142135623730947
P00741,Кутузов,Борис,Кутузове Борис,[],1,0.29142135623730947
P00740,Кутузов,Барклай,Кутузова Барклаем,[],1,0.29142135623730947
P00738,Кутейницкий,,Кутейницкий,[],1,0.1414213562373095
P00735,Куст,,Кусты,[],1,0.1414213562373095
P00734,Кусгевен,,Кусгевены,[],1,0.1414213562373095
P00733,Курносый,,Курносое,[],1,0.1414213562373095
P00731,Куракин,,Куракиным,[],1,0.1414213562373095
P00694,Колокольчик,,Колокольчик,[],1,0.1414213562373095
P00693,Колодник,,Колодники,[],1,0.1414213562373095
P00688,Козлов?ский,,Козлов?ский,[],1,0.1414213562373095
P00654,Карла,,Карла,[],1,0.1414213562373095
P00651,Карл,Шуберт,Карл Богданович Шуберт,[],1,0.29142135623730947
P00650,Карл,Богданович,Карл Богданович,[],1,0.29142135623730947
P00648,Карий,,Кари,[],1,0.1414213562373095
P00647,Карета,,Карета,[],1,0.1414213562373095
P00646,Караюшка,,Караюшка,[],1,0.1414213562373095
P00643,Карай,,Карае,[],1,0.1414213562373095
P00642,Капрал,,Капралы,[],1,0.1414213562373095
P00640,Капитан,Тушино,Капитана Тушина,[],1,0.29142135623730947
P00639,Капитан,Тушин,Капитан Тушин,[],1,0.29142135623730947
P00638,Капитан,,Капитан,[],1,0.1414213562373095
P00637,Кант,,Канта,[],1,0.1414213562373095
P00635,Кампо,Формио,Кампо Формио,[],1,0.29142135623730947
P00632,Каменскиима,,Каменскиим,[],1,0.1414213562373095
P00631,Калафат,,Калафате,[],1,0.1414213562373095
P00630,Казак,с,Казак-с,[],1,0.29142135623730947
P00653,Карл,Хii,Карл ХII,[],1,0.29142135623730947
P00655,Каролина,,Каролины,[],1,0.1414213562373095
P00687,Козлов,Пьер,Козлове Пьер,[],1,0.29142135623730947
P00656,Карп,Турка,Карпом Туркой,[],1,0.29142135623730947
P00686,Кобельница,,Кобельница,[],1,0.1414213562373095
P00678,Клумба,,Клумба,[],1,0.1414213562373095
P00675,Класть,,Клади,[],1,0.1414213562373095
P00674,Китти,Одынцов,Китти Одынцова,[],1,0.29142135623730947
P00673,Кисть,,Кисть,[],1,0.1414213562373095
P00669,Кирил,Матвеевич,Кирила Матвеич,[],1,0.29142135623730947
P00668,Кирасир,,Кирасир,[],1,0.1414213562373095
P00667,Кира,,Киры,[],1,0.1414213562373095
P00663,Катиша,,Катиш,[],1,0.1414213562373095
P00662,Катерина,Великий,Катерина Великая,[],1,0.29142135623730947
P00661,Каталани,,Каталани,[],1,0.1414213562373095
P00660,Кастовый,,Кастовый,[],1,0.1414213562373095
P00659,Касатинк,,Касатинка,[],1,0.1414213562373095
P00658,Картуш,,Картуши,[],1,0.1414213562373095
P00657,Картина,,Картину,[],1,0.1414213562373095
P01612,Ярый,,Яра,[],1,0.1414213562373095
